-- smazání všech záznamů z tabulek

CREATE OR REPLACE FUNCTION clean_tables() RETURNS void AS
$$
DECLARE
    l_stmt text;
BEGIN
    SELECT 'truncate ' || STRING_AGG(FORMAT('%I.%I', schemaname, tablename), ',')
    INTO l_stmt
    FROM pg_tables
    WHERE schemaname IN ('public');

    EXECUTE l_stmt || ' cascade';
END;
$$ LANGUAGE plpgsql;
SELECT clean_tables();

-- reset sekvenci

CREATE OR REPLACE FUNCTION restart_sequences() RETURNS void AS
$$
DECLARE
    i TEXT;
BEGIN
    FOR i IN (SELECT column_default FROM information_schema.columns WHERE column_default SIMILAR TO 'nextval%')
        LOOP
            EXECUTE 'ALTER SEQUENCE' || ' ' || SUBSTRING(SUBSTRING(i FROM '''[a-z_]*') FROM '[a-z_]+') || ' ' ||
                    ' RESTART 1;';
        END LOOP;
END
$$ LANGUAGE plpgsql;
SELECT restart_sequences();

insert into cela (id_cela, cislo_cely) values (1, 8001);
insert into cela (id_cela, cislo_cely) values (2, 8002);
insert into cela (id_cela, cislo_cely) values (3, 8003);
insert into cela (id_cela, cislo_cely) values (4, 8004);
insert into cela (id_cela, cislo_cely) values (5, 8005);
insert into cela (id_cela, cislo_cely) values (6, 8006);
insert into cela (id_cela, cislo_cely) values (7, 8007);
insert into cela (id_cela, cislo_cely) values (8, 8008);
insert into cela (id_cela, cislo_cely) values (9, 8009);
insert into cela (id_cela, cislo_cely) values (10, 8010);
insert into cela (id_cela, cislo_cely) values (11, 8011);
insert into cela (id_cela, cislo_cely) values (12, 8012);
insert into cela (id_cela, cislo_cely) values (13, 8013);
insert into cela (id_cela, cislo_cely) values (14, 8014);
insert into cela (id_cela, cislo_cely) values (15, 8015);
insert into cela (id_cela, cislo_cely) values (16, 8016);
insert into cela (id_cela, cislo_cely) values (17, 8017);
insert into cela (id_cela, cislo_cely) values (18, 8018);
insert into cela (id_cela, cislo_cely) values (19, 8019);
insert into cela (id_cela, cislo_cely) values (20, 8020);
insert into cela (id_cela, cislo_cely) values (21, 8021);
insert into cela (id_cela, cislo_cely) values (22, 8022);
insert into cela (id_cela, cislo_cely) values (23, 8023);
insert into cela (id_cela, cislo_cely) values (24, 8024);
insert into cela (id_cela, cislo_cely) values (25, 8025);
insert into cela (id_cela, cislo_cely) values (26, 8026);
insert into cela (id_cela, cislo_cely) values (27, 8027);
SELECT SETVAL(PG_GET_SERIAL_SEQUENCE('cela', 'id_cela'), 27);

insert into stat (id_stat, nazev) values (1, 'Czech Republic');
insert into stat (id_stat, nazev) values (2, 'Slovakia');
insert into stat (id_stat, nazev) values (3, 'Poland');
insert into stat (id_stat, nazev) values (4, 'Ukraine');
insert into stat (id_stat, nazev) values (5, 'Germany');
SELECT SETVAL(PG_GET_SERIAL_SEQUENCE('stat', 'id_stat'), 5);

insert into adresa (id_adresa, id_stat, ulice, cislo, mesto, psc) values (1, 3, 'Pankratz', 46, 'Laolong', 12431);
insert into adresa (id_adresa, id_stat, ulice, cislo, mesto, psc) values (2, 5, 'Dahle', 655, 'Boussé', 14815);
insert into adresa (id_adresa, id_stat, ulice, cislo, mesto, psc) values (3, 2, null, 521, 'Bačka Topola', 13852);
insert into adresa (id_adresa, id_stat, ulice, cislo, mesto, psc) values (4, 5, null, 459, 'Conde', 16152);
insert into adresa (id_adresa, id_stat, ulice, cislo, mesto, psc) values (5, 2, 'Manley', 382, 'Bekasi', 15001);
insert into adresa (id_adresa, id_stat, ulice, cislo, mesto, psc) values (6, 3, 'Westend', null, 'Šentrupert', 14692);
insert into adresa (id_adresa, id_stat, ulice, cislo, mesto, psc) values (7, 4, 'Mifflin', 377, 'Grajaú', 18475);
insert into adresa (id_adresa, id_stat, ulice, cislo, mesto, psc) values (8, 3, 'Barnett', 852, 'Orléans', 12899);
insert into adresa (id_adresa, id_stat, ulice, cislo, mesto, psc) values (9, 3, 'Anhalt', null, 'Hanban', 13472);
insert into adresa (id_adresa, id_stat, ulice, cislo, mesto, psc) values (10, 3, 'Burning Wood', 561, 'La Falda', 16499);
insert into adresa (id_adresa, id_stat, ulice, cislo, mesto, psc) values (11, 4, 'Johnson', 801, 'Linköping', 19070);
insert into adresa (id_adresa, id_stat, ulice, cislo, mesto, psc) values (12, 5, 'Claremont', 354, 'Fianarantsoa', 18315);
insert into adresa (id_adresa, id_stat, ulice, cislo, mesto, psc) values (13, 1, 'Banding', 567, 'Xiaogang', 16634);
insert into adresa (id_adresa, id_stat, ulice, cislo, mesto, psc) values (14, 3, 'Monument', 518, 'Wonopringgo', 17146);
insert into adresa (id_adresa, id_stat, ulice, cislo, mesto, psc) values (15, 5, null, null, 'Mierzęcice', 16039);
insert into adresa (id_adresa, id_stat, ulice, cislo, mesto, psc) values (16, 3, null, 426, 'Dollard-Des Ormeaux', 17659);
insert into adresa (id_adresa, id_stat, ulice, cislo, mesto, psc) values (17, 3, null, 927, 'Duobagou', 13359);
insert into adresa (id_adresa, id_stat, ulice, cislo, mesto, psc) values (18, 1, 'Coleman', 87, 'Verenchanka', 13705);
insert into adresa (id_adresa, id_stat, ulice, cislo, mesto, psc) values (19, 4, null, 677, 'Yuhuazhai', 14710);
insert into adresa (id_adresa, id_stat, ulice, cislo, mesto, psc) values (20, 4, null, null, 'Gelap', 13096);
insert into adresa (id_adresa, id_stat, ulice, cislo, mesto, psc) values (21, 1, 'Nevada', 773, 'Shatrovo', 16570);
insert into adresa (id_adresa, id_stat, ulice, cislo, mesto, psc) values (22, 4, null, null, 'Uppsala', 15524);
insert into adresa (id_adresa, id_stat, ulice, cislo, mesto, psc) values (23, 3, null, 550, 'Sbo’o', 18508);
insert into adresa (id_adresa, id_stat, ulice, cislo, mesto, psc) values (24, 3, 'Brown', 637, 'Bieniewice', 12686);
insert into adresa (id_adresa, id_stat, ulice, cislo, mesto, psc) values (25, 5, 'Victoria', 744, 'Valuyki', 17817);
insert into adresa (id_adresa, id_stat, ulice, cislo, mesto, psc) values (26, 1, 'Sunnyside', 213, 'Olocuilta', 13808);
insert into adresa (id_adresa, id_stat, ulice, cislo, mesto, psc) values (27, 4, 'Eliot', 320, 'Zengjia', 17464);
insert into adresa (id_adresa, id_stat, ulice, cislo, mesto, psc) values (28, 4, 'Dottie', null, 'Świętochłowice', 16128);
insert into adresa (id_adresa, id_stat, ulice, cislo, mesto, psc) values (29, 5, 'Declaration', 610, 'Cileunyi', 12609);
insert into adresa (id_adresa, id_stat, ulice, cislo, mesto, psc) values (30, 5, 'North', null, 'Quisao', 12442);
insert into adresa (id_adresa, id_stat, ulice, cislo, mesto, psc) values (31, 2, 'Prairie Rose', 350, 'Luba', 16501);
insert into adresa (id_adresa, id_stat, ulice, cislo, mesto, psc) values (32, 4, null, 106, 'Kyperoúnta', 13762);
insert into adresa (id_adresa, id_stat, ulice, cislo, mesto, psc) values (33, 1, 'Waxwing', 511, 'Svetlyy', 16720);
insert into adresa (id_adresa, id_stat, ulice, cislo, mesto, psc) values (34, 5, null, 600, 'Kerrobert', 15447);
insert into adresa (id_adresa, id_stat, ulice, cislo, mesto, psc) values (35, 1, 'Spenser', 851, 'Jingzhuang', 15825);
insert into adresa (id_adresa, id_stat, ulice, cislo, mesto, psc) values (36, 4, 'Lakewood', 148, 'Maroantsetra', 18824);
insert into adresa (id_adresa, id_stat, ulice, cislo, mesto, psc) values (37, 3, 'Scoville', null, 'Tétouan', 18655);
insert into adresa (id_adresa, id_stat, ulice, cislo, mesto, psc) values (38, 2, 'Truax', null, 'Mahābād', 18722);
insert into adresa (id_adresa, id_stat, ulice, cislo, mesto, psc) values (39, 4, null, 274, 'Ríohacha', 13531);
insert into adresa (id_adresa, id_stat, ulice, cislo, mesto, psc) values (40, 3, 'Forest', 320, 'Yongning', 12361);
insert into adresa (id_adresa, id_stat, ulice, cislo, mesto, psc) values (41, 3, 'Fordem', null, 'Germiston', 14374);
insert into adresa (id_adresa, id_stat, ulice, cislo, mesto, psc) values (42, 2, null, null, 'Shchelkovo', 18298);
insert into adresa (id_adresa, id_stat, ulice, cislo, mesto, psc) values (43, 4, 'Messerschmidt', 159, 'Jinbo', 17041);
insert into adresa (id_adresa, id_stat, ulice, cislo, mesto, psc) values (44, 5, 'Waubesa', null, 'Soritor', 17706);
insert into adresa (id_adresa, id_stat, ulice, cislo, mesto, psc) values (45, 1, null, null, 'Pudoc North', 12680);
insert into adresa (id_adresa, id_stat, ulice, cislo, mesto, psc) values (46, 5, null, 434, 'Tarub', 13370);
insert into adresa (id_adresa, id_stat, ulice, cislo, mesto, psc) values (47, 4, null, null, 'Torre de Moncorvo', 13411);
insert into adresa (id_adresa, id_stat, ulice, cislo, mesto, psc) values (48, 3, '7th', 517, 'Halayhay', 16725);
insert into adresa (id_adresa, id_stat, ulice, cislo, mesto, psc) values (49, 2, 'Ramsey', 324, 'Longlisuo', 18397);
insert into adresa (id_adresa, id_stat, ulice, cislo, mesto, psc) values (50, 5, '7th', 393, 'Kertamukti', 18004);
insert into adresa (id_adresa, id_stat, ulice, cislo, mesto, psc) values (51, 1, null, 446, 'Libei', 13198);
insert into adresa (id_adresa, id_stat, ulice, cislo, mesto, psc) values (52, 5, null, 885, 'Darnah', 18927);
insert into adresa (id_adresa, id_stat, ulice, cislo, mesto, psc) values (53, 4, 'Westridge', 63, 'Covão da Carvalha', 19097);
insert into adresa (id_adresa, id_stat, ulice, cislo, mesto, psc) values (54, 3, 'Maple', 181, 'Neochóri', 13507);
insert into adresa (id_adresa, id_stat, ulice, cislo, mesto, psc) values (55, 1, null, 300, 'Sonlit', 19122);
insert into adresa (id_adresa, id_stat, ulice, cislo, mesto, psc) values (56, 1, 'Redwing', 813, 'Margahayukencana', 19322);
insert into adresa (id_adresa, id_stat, ulice, cislo, mesto, psc) values (57, 2, null, 936, 'Smoky Lake', 15036);
insert into adresa (id_adresa, id_stat, ulice, cislo, mesto, psc) values (58, 5, 'Laurel', 224, 'Quinarayan', 14569);
insert into adresa (id_adresa, id_stat, ulice, cislo, mesto, psc) values (59, 5, null, 920, 'Sarakhs', 16780);
insert into adresa (id_adresa, id_stat, ulice, cislo, mesto, psc) values (60, 2, 'Forest Dale', 696, 'Shiraoi', 17000);
insert into adresa (id_adresa, id_stat, ulice, cislo, mesto, psc) values (61, 3, 'Mcbride', 777, 'Sonsón', 16745);
insert into adresa (id_adresa, id_stat, ulice, cislo, mesto, psc) values (62, 2, 'Comanche', 839, 'Zibu', 17708);
insert into adresa (id_adresa, id_stat, ulice, cislo, mesto, psc) values (63, 4, 'Troy', 962, 'Waerana', 18905);
insert into adresa (id_adresa, id_stat, ulice, cislo, mesto, psc) values (64, 1, 'Merry', 275, 'Las Palmas', 14540);
insert into adresa (id_adresa, id_stat, ulice, cislo, mesto, psc) values (65, 4, 'Iowa', 242, 'Haveluloto', 16753);
insert into adresa (id_adresa, id_stat, ulice, cislo, mesto, psc) values (66, 1, 'Arrowood', null, 'Riosucio', 15060);
insert into adresa (id_adresa, id_stat, ulice, cislo, mesto, psc) values (67, 1, null, 531, 'Kansas City', 14245);
insert into adresa (id_adresa, id_stat, ulice, cislo, mesto, psc) values (68, 3, 'Pepper Wood', null, 'Longxing', 14241);
insert into adresa (id_adresa, id_stat, ulice, cislo, mesto, psc) values (69, 1, null, 864, 'Xinzhou', 12613);
insert into adresa (id_adresa, id_stat, ulice, cislo, mesto, psc) values (70, 2, 'Harbort', 147, 'Dolna Banjica', 13365);
insert into adresa (id_adresa, id_stat, ulice, cislo, mesto, psc) values (71, 4, null, 67, 'Niort', 14503);
insert into adresa (id_adresa, id_stat, ulice, cislo, mesto, psc) values (72, 4, 'Northridge', null, 'Stuttgart', 16470);
insert into adresa (id_adresa, id_stat, ulice, cislo, mesto, psc) values (73, 3, 'Welch', 709, 'Oebaki', 18573);
insert into adresa (id_adresa, id_stat, ulice, cislo, mesto, psc) values (74, 3, 'Northwestern', 92, 'Tikiw', 14619);
insert into adresa (id_adresa, id_stat, ulice, cislo, mesto, psc) values (75, 2, 'Carioca', null, 'Mao', 14398);
insert into adresa (id_adresa, id_stat, ulice, cislo, mesto, psc) values (76, 4, 'Village Green', null, 'Namling', 19415);
insert into adresa (id_adresa, id_stat, ulice, cislo, mesto, psc) values (77, 4, 'Milwaukee', null, 'Bodega', 12712);
insert into adresa (id_adresa, id_stat, ulice, cislo, mesto, psc) values (78, 5, 'Bayside', 102, 'Hafrsfjord', 17593);
insert into adresa (id_adresa, id_stat, ulice, cislo, mesto, psc) values (79, 1, null, 651, 'San Felipe', 17154);
insert into adresa (id_adresa, id_stat, ulice, cislo, mesto, psc) values (80, 4, null, 873, 'Darungan Lor', 18791);
insert into adresa (id_adresa, id_stat, ulice, cislo, mesto, psc) values (81, 5, null, 277, 'Cuilco', 14676);
insert into adresa (id_adresa, id_stat, ulice, cislo, mesto, psc) values (82, 4, null, null, 'Barra Velha', 12995);
insert into adresa (id_adresa, id_stat, ulice, cislo, mesto, psc) values (83, 3, null, 590, 'Vargem Grande Paulista', 17971);
insert into adresa (id_adresa, id_stat, ulice, cislo, mesto, psc) values (84, 5, 'Badeau', 178, 'Nanjin', 18099);
insert into adresa (id_adresa, id_stat, ulice, cislo, mesto, psc) values (85, 3, null, 931, 'Xinqiao', 15853);
insert into adresa (id_adresa, id_stat, ulice, cislo, mesto, psc) values (86, 1, null, null, 'El Zulia', 19424);
insert into adresa (id_adresa, id_stat, ulice, cislo, mesto, psc) values (87, 2, null, 131, 'Lublin', 19171);
insert into adresa (id_adresa, id_stat, ulice, cislo, mesto, psc) values (88, 1, 'Prentice', 899, 'Alpiarça', 19266);
insert into adresa (id_adresa, id_stat, ulice, cislo, mesto, psc) values (89, 4, null, null, 'Żychlin', 14990);
insert into adresa (id_adresa, id_stat, ulice, cislo, mesto, psc) values (90, 3, null, 503, 'Cardal', 19002);
insert into adresa (id_adresa, id_stat, ulice, cislo, mesto, psc) values (91, 2, 'Mallory', null, 'Jixing', 15982);
insert into adresa (id_adresa, id_stat, ulice, cislo, mesto, psc) values (92, 4, 'Ramsey', 772, 'Čoka', 19131);
insert into adresa (id_adresa, id_stat, ulice, cislo, mesto, psc) values (93, 2, 'Esch', null, 'Pende', 16452);
insert into adresa (id_adresa, id_stat, ulice, cislo, mesto, psc) values (94, 4, 'Eliot', 908, 'Daxinshao', 19066);
insert into adresa (id_adresa, id_stat, ulice, cislo, mesto, psc) values (95, 5, null, 206, 'Richmond', 18822);
insert into adresa (id_adresa, id_stat, ulice, cislo, mesto, psc) values (96, 3, null, 579, 'Tanbu', 18624);
insert into adresa (id_adresa, id_stat, ulice, cislo, mesto, psc) values (97, 1, 'Paget', 623, 'Sadabe', 13251);
insert into adresa (id_adresa, id_stat, ulice, cislo, mesto, psc) values (98, 4, null, 628, 'Zhlobin', 12751);
insert into adresa (id_adresa, id_stat, ulice, cislo, mesto, psc) values (99, 4, null, null, 'Kezileboyi', 17118);
insert into adresa (id_adresa, id_stat, ulice, cislo, mesto, psc) values (100, 3, null, null, 'Zhongshan Donglu', 18181);
SELECT SETVAL(PG_GET_SERIAL_SEQUENCE('adresa', 'id_adresa'), 100);

insert into zamestnanec (id_zamestnanec, id_adresa, jmeno, prijmeni, smlouva_od) values (1, 53, 'Alizée', 'Divall', '2010-01-17T19:42:04Z');
insert into zamestnanec (id_zamestnanec, id_adresa, jmeno, prijmeni, smlouva_od) values (2, 97, 'Maëlyss', 'Bresland', '2007-06-28T08:46:42Z');
insert into zamestnanec (id_zamestnanec, id_adresa, jmeno, prijmeni, smlouva_od) values (3, 54, 'Maëlys', 'Stow', '2021-04-18T04:58:00Z');
insert into zamestnanec (id_zamestnanec, id_adresa, jmeno, prijmeni, smlouva_od) values (4, 3, 'Dù', 'Garton', '2018-07-25T00:11:34Z');
insert into zamestnanec (id_zamestnanec, id_adresa, jmeno, prijmeni, smlouva_od) values (5, 32, 'Nadège', 'Branchett', '2012-05-10T05:46:06Z');
insert into zamestnanec (id_zamestnanec, id_adresa, jmeno, prijmeni, smlouva_od) values (6, 93, 'Åslög', 'De la Perrelle', '1999-01-24T01:44:26Z');
insert into zamestnanec (id_zamestnanec, id_adresa, jmeno, prijmeni, smlouva_od) values (7, 60, 'Anaëlle', 'MacAlister', '2001-06-19T01:24:54Z');
insert into zamestnanec (id_zamestnanec, id_adresa, jmeno, prijmeni, smlouva_od) values (8, 23, 'Kuí', 'Dymock', '2014-08-10T09:41:04Z');
insert into zamestnanec (id_zamestnanec, id_adresa, jmeno, prijmeni, smlouva_od) values (9, 72, 'Eliès', 'Chidzoy', '2020-11-23T05:37:24Z');
insert into zamestnanec (id_zamestnanec, id_adresa, jmeno, prijmeni, smlouva_od) values (10, 98, 'Vérane', 'Cresser', '2022-12-25T08:21:13Z');
insert into zamestnanec (id_zamestnanec, id_adresa, jmeno, prijmeni, smlouva_od) values (11, 10, 'Maëlla', 'Goscomb', '2023-06-29T20:22:37Z');
insert into zamestnanec (id_zamestnanec, id_adresa, jmeno, prijmeni, smlouva_od) values (12, 37, 'Mélodie', 'Fuggles', '2006-10-25T04:40:12Z');
insert into zamestnanec (id_zamestnanec, id_adresa, jmeno, prijmeni, smlouva_od) values (13, 62, 'Mylène', 'Deble', '2003-02-05T09:23:58Z');
insert into zamestnanec (id_zamestnanec, id_adresa, jmeno, prijmeni, smlouva_od) values (14, 64, 'Gaëlle', 'Madgwich', '2002-01-04T20:20:20Z');
insert into zamestnanec (id_zamestnanec, id_adresa, jmeno, prijmeni, smlouva_od) values (15, 19, 'Edmée', 'Jancey', '2006-08-16T19:40:29Z');
insert into zamestnanec (id_zamestnanec, id_adresa, jmeno, prijmeni, smlouva_od) values (16, 99, 'Bénédicte', 'Baglin', '2020-08-19T20:29:31Z');
insert into zamestnanec (id_zamestnanec, id_adresa, jmeno, prijmeni, smlouva_od) values (17, 13, 'Ophélie', 'Skedgell', '2008-01-17T12:56:25Z');
insert into zamestnanec (id_zamestnanec, id_adresa, jmeno, prijmeni, smlouva_od) values (18, 51, 'Liè', 'Giraldon', '2008-01-30T18:24:28Z');
insert into zamestnanec (id_zamestnanec, id_adresa, jmeno, prijmeni, smlouva_od) values (19, 66, 'Lorène', 'Bampforth', '2018-11-17T20:30:57Z');
insert into zamestnanec (id_zamestnanec, id_adresa, jmeno, prijmeni, smlouva_od) values (20, 25, 'Régine', 'McAree', '2011-01-07T15:17:18Z');
insert into zamestnanec (id_zamestnanec, id_adresa, jmeno, prijmeni, smlouva_od) values (21, 63, 'Andréanne', 'Hillborne', '2012-09-10T21:28:53Z');
insert into zamestnanec (id_zamestnanec, id_adresa, jmeno, prijmeni, smlouva_od) values (22, 35, 'Estève', 'Staner', '2008-12-04T18:38:23Z');
insert into zamestnanec (id_zamestnanec, id_adresa, jmeno, prijmeni, smlouva_od) values (23, 59, 'Rébecca', 'Bottomore', '2014-07-19T11:57:11Z');
insert into zamestnanec (id_zamestnanec, id_adresa, jmeno, prijmeni, smlouva_od) values (24, 58, 'Gösta', 'Gaunson', '2011-06-06T00:29:39Z');
insert into zamestnanec (id_zamestnanec, id_adresa, jmeno, prijmeni, smlouva_od) values (25, 64, 'Félicie', 'Jurs', '2023-03-07T22:07:04Z');
insert into zamestnanec (id_zamestnanec, id_adresa, jmeno, prijmeni, smlouva_od) values (26, 5, 'Océanne', 'Botton', '2003-11-30T22:01:18Z');
insert into zamestnanec (id_zamestnanec, id_adresa, jmeno, prijmeni, smlouva_od) values (27, 8, 'Stévina', 'Eldridge', '2006-01-10T12:05:48Z');
insert into zamestnanec (id_zamestnanec, id_adresa, jmeno, prijmeni, smlouva_od) values (28, 59, 'Kù', 'Pedel', '2016-09-02T05:22:23Z');
insert into zamestnanec (id_zamestnanec, id_adresa, jmeno, prijmeni, smlouva_od) values (29, 92, 'Andréa', 'Vidineev', '2012-06-07T20:13:58Z');
insert into zamestnanec (id_zamestnanec, id_adresa, jmeno, prijmeni, smlouva_od) values (30, 53, 'Sélène', 'Minshull', '2002-05-05T23:00:46Z');
insert into zamestnanec (id_zamestnanec, id_adresa, jmeno, prijmeni, smlouva_od) values (31, 74, 'Maïté', 'Petel', '2011-04-16T14:42:18Z');
insert into zamestnanec (id_zamestnanec, id_adresa, jmeno, prijmeni, smlouva_od) values (32, 28, 'Maéna', 'Danev', '1999-07-13T02:16:30Z');
insert into zamestnanec (id_zamestnanec, id_adresa, jmeno, prijmeni, smlouva_od) values (33, 39, 'Nélie', 'McKellar', '2022-06-18T18:19:27Z');
insert into zamestnanec (id_zamestnanec, id_adresa, jmeno, prijmeni, smlouva_od) values (34, 44, 'Léana', 'Cunnell', '2002-06-18T01:23:28Z');
insert into zamestnanec (id_zamestnanec, id_adresa, jmeno, prijmeni, smlouva_od) values (35, 86, 'Maéna', 'Guise', '2002-01-04T15:07:16Z');
insert into zamestnanec (id_zamestnanec, id_adresa, jmeno, prijmeni, smlouva_od) values (36, 82, 'Andréanne', 'O''Lehane', '2015-08-09T01:19:34Z');
insert into zamestnanec (id_zamestnanec, id_adresa, jmeno, prijmeni, smlouva_od) values (37, 25, 'Léone', 'Balogun', '2003-02-05T02:56:54Z');
insert into zamestnanec (id_zamestnanec, id_adresa, jmeno, prijmeni, smlouva_od) values (38, 68, 'Lorène', 'Greendale', '2008-08-05T23:39:54Z');
insert into zamestnanec (id_zamestnanec, id_adresa, jmeno, prijmeni, smlouva_od) values (39, 96, 'Anaël', 'Beswetherick', '2005-07-09T01:43:40Z');
insert into zamestnanec (id_zamestnanec, id_adresa, jmeno, prijmeni, smlouva_od) values (40, 45, 'Yú', 'Rosenkranc', '2014-10-29T03:43:13Z');
insert into zamestnanec (id_zamestnanec, id_adresa, jmeno, prijmeni, smlouva_od) values (41, 75, 'Kù', 'Sommerland', '2013-12-20T10:33:01Z');
insert into zamestnanec (id_zamestnanec, id_adresa, jmeno, prijmeni, smlouva_od) values (42, 9, 'Agnès', 'Broad', '2000-09-22T20:03:20Z');
insert into zamestnanec (id_zamestnanec, id_adresa, jmeno, prijmeni, smlouva_od) values (43, 39, 'Maéna', 'Curgenuer', '2012-10-10T09:49:52Z');
insert into zamestnanec (id_zamestnanec, id_adresa, jmeno, prijmeni, smlouva_od) values (44, 24, 'Clémence', 'Mengo', '2001-12-04T00:15:30Z');
insert into zamestnanec (id_zamestnanec, id_adresa, jmeno, prijmeni, smlouva_od) values (45, 24, 'Lài', 'MacVanamy', '1998-07-26T00:33:02Z');
insert into zamestnanec (id_zamestnanec, id_adresa, jmeno, prijmeni, smlouva_od) values (46, 12, 'Lorène', 'Brook', '2011-09-20T14:42:33Z');
insert into zamestnanec (id_zamestnanec, id_adresa, jmeno, prijmeni, smlouva_od) values (47, 30, 'Bérengère', 'Wybern', '2016-06-01T09:07:57Z');
insert into zamestnanec (id_zamestnanec, id_adresa, jmeno, prijmeni, smlouva_od) values (48, 84, 'Cléopatre', 'Tidmas', '2014-09-14T16:47:57Z');
insert into zamestnanec (id_zamestnanec, id_adresa, jmeno, prijmeni, smlouva_od) values (49, 82, 'Maëlla', 'Grout', '2007-07-26T01:20:53Z');
insert into zamestnanec (id_zamestnanec, id_adresa, jmeno, prijmeni, smlouva_od) values (50, 14, 'Réservés', 'Dillet', '2004-10-09T06:55:17Z');
insert into zamestnanec (id_zamestnanec, id_adresa, jmeno, prijmeni, smlouva_od) values (51, 61, 'Maëlle', 'Lynagh', '1999-04-08T04:36:41Z');
insert into zamestnanec (id_zamestnanec, id_adresa, jmeno, prijmeni, smlouva_od) values (52, 43, 'Sélène', 'Alp', '1998-05-10T11:16:15Z');
insert into zamestnanec (id_zamestnanec, id_adresa, jmeno, prijmeni, smlouva_od) values (53, 19, 'Josée', 'Pinchbeck', '2003-04-03T06:44:58Z');
insert into zamestnanec (id_zamestnanec, id_adresa, jmeno, prijmeni, smlouva_od) values (54, 36, 'Lyséa', 'Sagg', '2003-08-10T15:03:16Z');
insert into zamestnanec (id_zamestnanec, id_adresa, jmeno, prijmeni, smlouva_od) values (55, 5, 'Laurène', 'Kennermann', '2022-01-06T20:03:34Z');
insert into zamestnanec (id_zamestnanec, id_adresa, jmeno, prijmeni, smlouva_od) values (56, 28, 'Marie-ève', 'Perree', '1999-12-26T15:25:10Z');
insert into zamestnanec (id_zamestnanec, id_adresa, jmeno, prijmeni, smlouva_od) values (57, 79, 'Félicie', 'Watford', '2003-09-27T07:33:53Z');
insert into zamestnanec (id_zamestnanec, id_adresa, jmeno, prijmeni, smlouva_od) values (58, 46, 'Aimée', 'Drewery', '2003-05-12T05:24:52Z');
insert into zamestnanec (id_zamestnanec, id_adresa, jmeno, prijmeni, smlouva_od) values (59, 84, 'Ráo', 'Yeoman', '2000-01-30T02:29:45Z');
insert into zamestnanec (id_zamestnanec, id_adresa, jmeno, prijmeni, smlouva_od) values (60, 73, 'Faîtes', 'Pattenden', '2002-01-01T00:35:09Z');
insert into zamestnanec (id_zamestnanec, id_adresa, jmeno, prijmeni, smlouva_od) values (61, 62, 'Ruò', 'Harrington', '2008-11-09T23:46:23Z');
insert into zamestnanec (id_zamestnanec, id_adresa, jmeno, prijmeni, smlouva_od) values (62, 89, 'Cécilia', 'Leigh', '2013-09-18T11:47:06Z');
insert into zamestnanec (id_zamestnanec, id_adresa, jmeno, prijmeni, smlouva_od) values (63, 95, 'Maëlla', 'Sagar', '2000-02-13T01:35:47Z');
insert into zamestnanec (id_zamestnanec, id_adresa, jmeno, prijmeni, smlouva_od) values (64, 6, 'Adélie', 'Constanza', '2008-08-13T05:49:44Z');
insert into zamestnanec (id_zamestnanec, id_adresa, jmeno, prijmeni, smlouva_od) values (65, 29, 'Dù', 'Swalough', '2005-12-25T05:32:00Z');
insert into zamestnanec (id_zamestnanec, id_adresa, jmeno, prijmeni, smlouva_od) values (66, 61, 'Måns', 'Cockrem', '2006-02-27T05:11:34Z');
insert into zamestnanec (id_zamestnanec, id_adresa, jmeno, prijmeni, smlouva_od) values (67, 26, 'Åke', 'Hallihan', '2017-12-05T20:38:46Z');
insert into zamestnanec (id_zamestnanec, id_adresa, jmeno, prijmeni, smlouva_od) values (68, 36, 'Cléopatre', 'Jantel', '2018-05-12T02:46:51Z');
insert into zamestnanec (id_zamestnanec, id_adresa, jmeno, prijmeni, smlouva_od) values (69, 32, 'Annotés', 'Saltrese', '2004-07-25T05:27:02Z');
insert into zamestnanec (id_zamestnanec, id_adresa, jmeno, prijmeni, smlouva_od) values (70, 88, 'Cunégonde', 'Feeny', '1999-02-01T06:34:45Z');
insert into zamestnanec (id_zamestnanec, id_adresa, jmeno, prijmeni, smlouva_od) values (71, 90, 'Marie-noël', 'Whifen', '2002-06-24T03:30:35Z');
insert into zamestnanec (id_zamestnanec, id_adresa, jmeno, prijmeni, smlouva_od) values (72, 31, 'Åsa', 'Farryann', '2018-04-14T12:22:47Z');
insert into zamestnanec (id_zamestnanec, id_adresa, jmeno, prijmeni, smlouva_od) values (73, 62, 'Bérangère', 'Tobin', '2013-08-26T11:38:25Z');
insert into zamestnanec (id_zamestnanec, id_adresa, jmeno, prijmeni, smlouva_od) values (74, 35, 'Edmée', 'Gostyke', '1998-07-20T00:07:13Z');
insert into zamestnanec (id_zamestnanec, id_adresa, jmeno, prijmeni, smlouva_od) values (75, 46, 'Adélie', 'Goldsworthy', '2003-04-05T21:37:24Z');
insert into zamestnanec (id_zamestnanec, id_adresa, jmeno, prijmeni, smlouva_od) values (76, 9, 'Cécilia', 'Orrom', '2021-09-29T20:56:30Z');
insert into zamestnanec (id_zamestnanec, id_adresa, jmeno, prijmeni, smlouva_od) values (77, 52, 'Thérèse', 'Josebury', '2014-03-24T22:58:59Z');
insert into zamestnanec (id_zamestnanec, id_adresa, jmeno, prijmeni, smlouva_od) values (78, 95, 'Maëlann', 'Quest', '2001-10-24T14:41:23Z');
insert into zamestnanec (id_zamestnanec, id_adresa, jmeno, prijmeni, smlouva_od) values (79, 16, 'Annotés', 'Coultish', '2022-07-29T23:14:50Z');
insert into zamestnanec (id_zamestnanec, id_adresa, jmeno, prijmeni, smlouva_od) values (80, 34, 'Stévina', 'Krzysztof', '2004-04-20T10:53:02Z');
insert into zamestnanec (id_zamestnanec, id_adresa, jmeno, prijmeni, smlouva_od) values (81, 89, 'Dù', 'Herrero', '2022-04-22T04:56:07Z');
insert into zamestnanec (id_zamestnanec, id_adresa, jmeno, prijmeni, smlouva_od) values (82, 30, 'Maëlys', 'Gillison', '2000-10-01T07:58:31Z');
insert into zamestnanec (id_zamestnanec, id_adresa, jmeno, prijmeni, smlouva_od) values (83, 65, 'Léa', 'Wallen', '2020-12-13T20:03:45Z');
insert into zamestnanec (id_zamestnanec, id_adresa, jmeno, prijmeni, smlouva_od) values (84, 24, 'Cléa', 'Oda', '2018-09-03T12:01:17Z');
insert into zamestnanec (id_zamestnanec, id_adresa, jmeno, prijmeni, smlouva_od) values (85, 97, 'Eléa', 'Lucks', '2000-09-26T21:51:40Z');
insert into zamestnanec (id_zamestnanec, id_adresa, jmeno, prijmeni, smlouva_od) values (86, 63, 'Nélie', 'Josowitz', '2021-02-10T00:20:12Z');
insert into zamestnanec (id_zamestnanec, id_adresa, jmeno, prijmeni, smlouva_od) values (87, 87, 'Vérane', 'Mouth', '2012-10-08T08:10:18Z');
insert into zamestnanec (id_zamestnanec, id_adresa, jmeno, prijmeni, smlouva_od) values (88, 42, 'Alizée', 'Baylis', '1999-05-03T02:38:02Z');
insert into zamestnanec (id_zamestnanec, id_adresa, jmeno, prijmeni, smlouva_od) values (89, 85, 'Daphnée', 'MacQuist', '2002-09-16T19:29:58Z');
insert into zamestnanec (id_zamestnanec, id_adresa, jmeno, prijmeni, smlouva_od) values (90, 20, 'Yénora', 'Couldwell', '2015-12-21T23:02:11Z');
insert into zamestnanec (id_zamestnanec, id_adresa, jmeno, prijmeni, smlouva_od) values (91, 94, 'Agnès', 'Proske', '2010-12-19T13:04:00Z');
insert into zamestnanec (id_zamestnanec, id_adresa, jmeno, prijmeni, smlouva_od) values (92, 61, 'Danièle', 'Hadley', '2024-01-11T12:01:58Z');
insert into zamestnanec (id_zamestnanec, id_adresa, jmeno, prijmeni, smlouva_od) values (93, 6, 'Thérèse', 'Hargess', '2013-07-05T12:07:23Z');
insert into zamestnanec (id_zamestnanec, id_adresa, jmeno, prijmeni, smlouva_od) values (94, 60, 'Vérane', 'Sallows', '2014-02-15T04:35:26Z');
insert into zamestnanec (id_zamestnanec, id_adresa, jmeno, prijmeni, smlouva_od) values (95, 68, 'Bérengère', 'Plail', '2012-10-03T21:53:32Z');
insert into zamestnanec (id_zamestnanec, id_adresa, jmeno, prijmeni, smlouva_od) values (96, 75, 'Åslög', 'Torrent', '2009-10-01T07:02:05Z');
insert into zamestnanec (id_zamestnanec, id_adresa, jmeno, prijmeni, smlouva_od) values (97, 49, 'Maïwenn', 'Vowels', '1998-04-29T17:08:35Z');
insert into zamestnanec (id_zamestnanec, id_adresa, jmeno, prijmeni, smlouva_od) values (98, 84, 'Göran', 'Page', '2012-08-03T11:25:54Z');
insert into zamestnanec (id_zamestnanec, id_adresa, jmeno, prijmeni, smlouva_od) values (99, 99, 'Erwéi', 'Claw', '2020-03-25T07:38:06Z');
insert into zamestnanec (id_zamestnanec, id_adresa, jmeno, prijmeni, smlouva_od) values (100, 40, 'Cécile', 'Langsbury', '2021-05-12T13:56:43Z');
SELECT SETVAL(PG_GET_SERIAL_SEQUENCE('zamestnanec', 'id_zamestnanec'), 100);

insert into kuchar (id_zamestnanec, nadrizeny_id_kuchar) values (1, 1);
insert into kuchar (id_zamestnanec, nadrizeny_id_kuchar) values (2, NULL);
insert into kuchar (id_zamestnanec, nadrizeny_id_kuchar) values (3, NULL);
insert into kuchar (id_zamestnanec, nadrizeny_id_kuchar) values (4, NULL);
insert into kuchar (id_zamestnanec, nadrizeny_id_kuchar) values (5, NULL);
insert into kuchar (id_zamestnanec, nadrizeny_id_kuchar) values (6, NULL);
insert into kuchar (id_zamestnanec, nadrizeny_id_kuchar) values (7, NULL);
insert into kuchar (id_zamestnanec, nadrizeny_id_kuchar) values (8, NULL);
insert into kuchar (id_zamestnanec, nadrizeny_id_kuchar) values (9, NULL);
insert into kuchar (id_zamestnanec, nadrizeny_id_kuchar) values (10, NULL);
insert into kuchar (id_zamestnanec, nadrizeny_id_kuchar) values (11, NULL);
SELECT SETVAL(PG_GET_SERIAL_SEQUENCE('kuchar', 'id_zamestnanec'), 11);

insert into bachar (id_zamestnanec, nadrizeny_id_bachar) values (12, 12);
insert into bachar (id_zamestnanec, nadrizeny_id_bachar) values (13, NULL);
insert into bachar (id_zamestnanec, nadrizeny_id_bachar) values (14, NULL);
insert into bachar (id_zamestnanec, nadrizeny_id_bachar) values (15, NULL);
insert into bachar (id_zamestnanec, nadrizeny_id_bachar) values (16, NULL);
insert into bachar (id_zamestnanec, nadrizeny_id_bachar) values (17, NULL);
insert into bachar (id_zamestnanec, nadrizeny_id_bachar) values (18, NULL);
insert into bachar (id_zamestnanec, nadrizeny_id_bachar) values (19, NULL);
insert into bachar (id_zamestnanec, nadrizeny_id_bachar) values (20, NULL);
insert into bachar (id_zamestnanec, nadrizeny_id_bachar) values (21, NULL);
insert into bachar (id_zamestnanec, nadrizeny_id_bachar) values (22, NULL);
insert into bachar (id_zamestnanec, nadrizeny_id_bachar) values (23, NULL);
insert into bachar (id_zamestnanec, nadrizeny_id_bachar) values (24, NULL);
insert into bachar (id_zamestnanec, nadrizeny_id_bachar) values (25, NULL);
insert into bachar (id_zamestnanec, nadrizeny_id_bachar) values (26, NULL);
insert into bachar (id_zamestnanec, nadrizeny_id_bachar) values (27, NULL);
insert into bachar (id_zamestnanec, nadrizeny_id_bachar) values (28, NULL);
insert into bachar (id_zamestnanec, nadrizeny_id_bachar) values (29, NULL);
insert into bachar (id_zamestnanec, nadrizeny_id_bachar) values (30, NULL);
insert into bachar (id_zamestnanec, nadrizeny_id_bachar) values (31, NULL);
insert into bachar (id_zamestnanec, nadrizeny_id_bachar) values (32, NULL);
insert into bachar (id_zamestnanec, nadrizeny_id_bachar) values (33, NULL);
insert into bachar (id_zamestnanec, nadrizeny_id_bachar) values (34, NULL);
insert into bachar (id_zamestnanec, nadrizeny_id_bachar) values (35, NULL);
insert into bachar (id_zamestnanec, nadrizeny_id_bachar) values (36, NULL);
insert into bachar (id_zamestnanec, nadrizeny_id_bachar) values (37, NULL);
insert into bachar (id_zamestnanec, nadrizeny_id_bachar) values (38, NULL);
insert into bachar (id_zamestnanec, nadrizeny_id_bachar) values (39, NULL);
insert into bachar (id_zamestnanec, nadrizeny_id_bachar) values (40, NULL);
insert into bachar (id_zamestnanec, nadrizeny_id_bachar) values (41, NULL);
insert into bachar (id_zamestnanec, nadrizeny_id_bachar) values (42, NULL);
insert into bachar (id_zamestnanec, nadrizeny_id_bachar) values (43, NULL);
insert into bachar (id_zamestnanec, nadrizeny_id_bachar) values (44, NULL);
insert into bachar (id_zamestnanec, nadrizeny_id_bachar) values (45, NULL);
insert into bachar (id_zamestnanec, nadrizeny_id_bachar) values (46, NULL);
insert into bachar (id_zamestnanec, nadrizeny_id_bachar) values (47, NULL);
insert into bachar (id_zamestnanec, nadrizeny_id_bachar) values (48, NULL);
insert into bachar (id_zamestnanec, nadrizeny_id_bachar) values (49, NULL);
insert into bachar (id_zamestnanec, nadrizeny_id_bachar) values (50, NULL);
insert into bachar (id_zamestnanec, nadrizeny_id_bachar) values (51, NULL);
insert into bachar (id_zamestnanec, nadrizeny_id_bachar) values (52, NULL);
insert into bachar (id_zamestnanec, nadrizeny_id_bachar) values (53, NULL);
insert into bachar (id_zamestnanec, nadrizeny_id_bachar) values (54, NULL);
insert into bachar (id_zamestnanec, nadrizeny_id_bachar) values (55, NULL);
insert into bachar (id_zamestnanec, nadrizeny_id_bachar) values (56, NULL);
insert into bachar (id_zamestnanec, nadrizeny_id_bachar) values (57, NULL);
insert into bachar (id_zamestnanec, nadrizeny_id_bachar) values (58, NULL);
insert into bachar (id_zamestnanec, nadrizeny_id_bachar) values (59, NULL);
insert into bachar (id_zamestnanec, nadrizeny_id_bachar) values (60, NULL);
insert into bachar (id_zamestnanec, nadrizeny_id_bachar) values (61, NULL);
insert into bachar (id_zamestnanec, nadrizeny_id_bachar) values (62, NULL);
insert into bachar (id_zamestnanec, nadrizeny_id_bachar) values (63, NULL);
insert into bachar (id_zamestnanec, nadrizeny_id_bachar) values (64, NULL);
insert into bachar (id_zamestnanec, nadrizeny_id_bachar) values (65, NULL);
insert into bachar (id_zamestnanec, nadrizeny_id_bachar) values (66, NULL);
insert into bachar (id_zamestnanec, nadrizeny_id_bachar) values (67, NULL);
insert into bachar (id_zamestnanec, nadrizeny_id_bachar) values (68, NULL);
insert into bachar (id_zamestnanec, nadrizeny_id_bachar) values (69, NULL);
insert into bachar (id_zamestnanec, nadrizeny_id_bachar) values (70, NULL);
insert into bachar (id_zamestnanec, nadrizeny_id_bachar) values (71, NULL);
insert into bachar (id_zamestnanec, nadrizeny_id_bachar) values (72, NULL);
insert into bachar (id_zamestnanec, nadrizeny_id_bachar) values (73, NULL);
insert into bachar (id_zamestnanec, nadrizeny_id_bachar) values (74, NULL);
insert into bachar (id_zamestnanec, nadrizeny_id_bachar) values (75, NULL);
insert into bachar (id_zamestnanec, nadrizeny_id_bachar) values (76, NULL);
insert into bachar (id_zamestnanec, nadrizeny_id_bachar) values (77, NULL);
insert into bachar (id_zamestnanec, nadrizeny_id_bachar) values (78, NULL);
insert into bachar (id_zamestnanec, nadrizeny_id_bachar) values (79, NULL);
insert into bachar (id_zamestnanec, nadrizeny_id_bachar) values (80, NULL);
insert into bachar (id_zamestnanec, nadrizeny_id_bachar) values (81, NULL);
insert into bachar (id_zamestnanec, nadrizeny_id_bachar) values (82, NULL);
insert into bachar (id_zamestnanec, nadrizeny_id_bachar) values (83, NULL);
insert into bachar (id_zamestnanec, nadrizeny_id_bachar) values (84, NULL);
insert into bachar (id_zamestnanec, nadrizeny_id_bachar) values (85, NULL);
insert into bachar (id_zamestnanec, nadrizeny_id_bachar) values (86, NULL);
insert into bachar (id_zamestnanec, nadrizeny_id_bachar) values (87, NULL);
insert into bachar (id_zamestnanec, nadrizeny_id_bachar) values (88, NULL);
insert into bachar (id_zamestnanec, nadrizeny_id_bachar) values (89, NULL);
insert into bachar (id_zamestnanec, nadrizeny_id_bachar) values (90, NULL);
insert into bachar (id_zamestnanec, nadrizeny_id_bachar) values (91, NULL);
insert into bachar (id_zamestnanec, nadrizeny_id_bachar) values (92, NULL);
insert into bachar (id_zamestnanec, nadrizeny_id_bachar) values (93, NULL);
insert into bachar (id_zamestnanec, nadrizeny_id_bachar) values (94, NULL);
insert into bachar (id_zamestnanec, nadrizeny_id_bachar) values (95, NULL);
insert into bachar (id_zamestnanec, nadrizeny_id_bachar) values (96, NULL);
insert into bachar (id_zamestnanec, nadrizeny_id_bachar) values (97, NULL);
insert into bachar (id_zamestnanec, nadrizeny_id_bachar) values (98, NULL);
insert into bachar (id_zamestnanec, nadrizeny_id_bachar) values (99, NULL);
insert into bachar (id_zamestnanec, nadrizeny_id_bachar) values (100, NULL);
SELECT SETVAL(PG_GET_SERIAL_SEQUENCE('bachar', 'id_zamestnanec'), 100);

insert into alergeny (id_alergeny, nazev, cislo_alergenu_dle_eu, zdroj) values (1,'Cereals containing gluten',1,'Wheat, rye, barley, oats, spelled, kamut or their hybrid varieties and products thereof');
insert into alergeny (id_alergeny, nazev, cislo_alergenu_dle_eu, zdroj) values (2,'Crustaceans',2,'and products thereof');
insert into alergeny (id_alergeny, nazev, cislo_alergenu_dle_eu, zdroj) values (3,'Eggs',3,'and products thereof');
insert into alergeny (id_alergeny, nazev, cislo_alergenu_dle_eu, zdroj) values (4,'Fish',4,'and products thereof');
insert into alergeny (id_alergeny, nazev, cislo_alergenu_dle_eu, zdroj) values (5,'Peanuts',5,'and products thereof');
insert into alergeny (id_alergeny, nazev, cislo_alergenu_dle_eu, zdroj) values (6,'Soybeans',6,'and products thereof');
insert into alergeny (id_alergeny, nazev, cislo_alergenu_dle_eu, zdroj) values (7,'Milk',7,'and products thereof');
insert into alergeny (id_alergeny, nazev, cislo_alergenu_dle_eu, zdroj) values (8,'Nuts',8,'almonds, hazelnuts, walnuts, cashews, pecans, Brazil nuts, pistachios, macadamia ');
insert into alergeny (id_alergeny, nazev, cislo_alergenu_dle_eu, zdroj) values (9,'Celery',9,'and products thereof');
insert into alergeny (id_alergeny, nazev, cislo_alergenu_dle_eu, zdroj) values (10,'Mustard',10,'and products thereof');
insert into alergeny (id_alergeny, nazev, cislo_alergenu_dle_eu, zdroj) values (11,'Sesame seeds',11,'and products thereof');
insert into alergeny (id_alergeny, nazev, cislo_alergenu_dle_eu, zdroj) values (12,'Sulphur dioxide and sulphites',12,'at concentrations higher than 10 mg/kg, or 10 mg/L in terms of the total SO2 which must be indicated on the products');
insert into alergeny (id_alergeny, nazev, cislo_alergenu_dle_eu, zdroj) values (13,'Lupin',13,'and products thereof');
insert into alergeny (id_alergeny, nazev, cislo_alergenu_dle_eu, zdroj) values (14,'Molluscs',14,'and products thereof');
insert into alergeny (id_alergeny, nazev, cislo_alergenu_dle_eu, zdroj) values (15,'Avocado',NULL,'and products thereof');
insert into alergeny (id_alergeny, nazev, cislo_alergenu_dle_eu, zdroj) values (16,'Red meat',NULL,'Amblyomma americanum and products thereof');
SELECT SETVAL(PG_GET_SERIAL_SEQUENCE('alergeny', 'id_alergeny'), 16);

insert into vezen (id_vezen, id_cela, cislo_vezne, jmeno, prijmeni, prezdivka, datum_propusteni, datum_narozeni, vyska, popis) values (1, 6, 1, 'Yóu', 'Grayshan', null, '2057-11-07T04:28:36Z', null, 179, null);
insert into vezen (id_vezen, id_cela, cislo_vezne, jmeno, prijmeni, prezdivka, datum_propusteni, datum_narozeni, vyska, popis) values (2, 8, 2, 'Maïly', 'Siege', null, '2051-03-23T06:06:19Z', null, 189, null);
insert into vezen (id_vezen, id_cela, cislo_vezne, jmeno, prijmeni, prezdivka, datum_propusteni, datum_narozeni, vyska, popis) values (3, 10, 3, 'Mélys', 'Giannini', 'Amigo', '2025-10-10T20:26:47Z', '7/31/2001', 182, null);
insert into vezen (id_vezen, id_cela, cislo_vezne, jmeno, prijmeni, prezdivka, datum_propusteni, datum_narozeni, vyska, popis) values (4, 7, 4, 'Noémie', 'Sumnall', null, '2068-12-31T09:58:29Z', '12/18/1931', 179, null);
insert into vezen (id_vezen, id_cela, cislo_vezne, jmeno, prijmeni, prezdivka, datum_propusteni, datum_narozeni, vyska, popis) values (5, 3, 5, 'Cinéma', 'Baythorp', null, '2052-10-04T18:50:10Z', '9/3/1960', 198, null);
insert into vezen (id_vezen, id_cela, cislo_vezne, jmeno, prijmeni, prezdivka, datum_propusteni, datum_narozeni, vyska, popis) values (6, 27, 6, 'Marie-noël', 'de Keep', null, '2074-02-01T08:56:20Z', null, null, null);
insert into vezen (id_vezen, id_cela, cislo_vezne, jmeno, prijmeni, prezdivka, datum_propusteni, datum_narozeni, vyska, popis) values (7, 25, 7, 'Rébecca', 'Shadrach', 'Stealth', '2054-05-29T06:59:06Z', '2/24/1992', 166, null);
insert into vezen (id_vezen, id_cela, cislo_vezne, jmeno, prijmeni, prezdivka, datum_propusteni, datum_narozeni, vyska, popis) values (8, 5, 8, 'Eloïse', 'Krysztofiak', null, '2035-09-03T02:14:37Z', null, 175, null);
insert into vezen (id_vezen, id_cela, cislo_vezne, jmeno, prijmeni, prezdivka, datum_propusteni, datum_narozeni, vyska, popis) values (9, 6, 9, 'Gösta', 'Costell', null, '2053-09-06T20:45:49Z', '9/1/1943', 168, null);
insert into vezen (id_vezen, id_cela, cislo_vezne, jmeno, prijmeni, prezdivka, datum_propusteni, datum_narozeni, vyska, popis) values (10, 24, 10, 'Nuó', 'Clemmitt', null, '2045-12-11T03:21:37Z', null, null, null);
insert into vezen (id_vezen, id_cela, cislo_vezne, jmeno, prijmeni, prezdivka, datum_propusteni, datum_narozeni, vyska, popis) values (11, 9, 11, 'Séréna', 'Schulken', 'Summit', '2082-05-19T04:48:18Z', null, null, null);
insert into vezen (id_vezen, id_cela, cislo_vezne, jmeno, prijmeni, prezdivka, datum_propusteni, datum_narozeni, vyska, popis) values (12, 7, 12, 'Andréanne', 'Lidyard', null, '2077-09-24T09:27:11Z', '4/8/1967', 204, null);
insert into vezen (id_vezen, id_cela, cislo_vezne, jmeno, prijmeni, prezdivka, datum_propusteni, datum_narozeni, vyska, popis) values (13, 1, 13, 'Maï', 'Stallebrass', null, '2050-01-04T19:24:10Z', '7/2/1982', 199, null);
insert into vezen (id_vezen, id_cela, cislo_vezne, jmeno, prijmeni, prezdivka, datum_propusteni, datum_narozeni, vyska, popis) values (14, 5, 14, 'Jú', 'Iorillo', null, '2063-12-15T07:59:14Z', '6/28/1987', 210, null);
insert into vezen (id_vezen, id_cela, cislo_vezne, jmeno, prijmeni, prezdivka, datum_propusteni, datum_narozeni, vyska, popis) values (15, 12, 15, 'Mélissandre', 'Purselowe', null, '2070-05-15T14:21:15Z', null, 190, null);
insert into vezen (id_vezen, id_cela, cislo_vezne, jmeno, prijmeni, prezdivka, datum_propusteni, datum_narozeni, vyska, popis) values (16, 6, 16, 'Örjan', 'Lendrem', null, '2049-09-15T13:16:39Z', '6/2/2000', 207, null);
insert into vezen (id_vezen, id_cela, cislo_vezne, jmeno, prijmeni, prezdivka, datum_propusteni, datum_narozeni, vyska, popis) values (17, 17, 17, 'Gérald', 'Howe', 'Mustang', '2045-10-29T14:50:39Z', '10/24/1989', 161, null);
insert into vezen (id_vezen, id_cela, cislo_vezne, jmeno, prijmeni, prezdivka, datum_propusteni, datum_narozeni, vyska, popis) values (18, 17, 18, 'Régine', 'Pedrazzi', 'LeSabre', '2026-12-12T13:20:40Z', null, 160, null);
insert into vezen (id_vezen, id_cela, cislo_vezne, jmeno, prijmeni, prezdivka, datum_propusteni, datum_narozeni, vyska, popis) values (19, 14, 19, 'Zoé', 'Pimley', null, '2052-10-14T04:53:11Z', null, null, null);
insert into vezen (id_vezen, id_cela, cislo_vezne, jmeno, prijmeni, prezdivka, datum_propusteni, datum_narozeni, vyska, popis) values (20, 5, 20, 'Sòng', 'Lawlance', null, '2078-08-04T23:32:42Z', '9/13/1950', null, null);
insert into vezen (id_vezen, id_cela, cislo_vezne, jmeno, prijmeni, prezdivka, datum_propusteni, datum_narozeni, vyska, popis) values (21, 18, 21, 'Pélagie', 'Townsend', null, '2032-11-07T05:40:08Z', '10/5/1987', 199, null);
insert into vezen (id_vezen, id_cela, cislo_vezne, jmeno, prijmeni, prezdivka, datum_propusteni, datum_narozeni, vyska, popis) values (22, 10, 22, 'Bécassine', 'Fortnum', null, '2031-01-06T14:33:04Z', null, 192, null);
insert into vezen (id_vezen, id_cela, cislo_vezne, jmeno, prijmeni, prezdivka, datum_propusteni, datum_narozeni, vyska, popis) values (23, 16, 23, 'Maëlann', 'Witcombe', null, '2083-01-22T14:48:48Z', '10/2/1947', null, null);
insert into vezen (id_vezen, id_cela, cislo_vezne, jmeno, prijmeni, prezdivka, datum_propusteni, datum_narozeni, vyska, popis) values (24, 1, 24, 'Alizée', 'Batrip', null, '2033-01-08T18:20:10Z', '10/19/1961', 180, null);
insert into vezen (id_vezen, id_cela, cislo_vezne, jmeno, prijmeni, prezdivka, datum_propusteni, datum_narozeni, vyska, popis) values (25, 17, 25, 'Aloïs', 'Gilbard', null, '2065-07-22T13:31:09Z', '6/30/1956', null, null);
insert into vezen (id_vezen, id_cela, cislo_vezne, jmeno, prijmeni, prezdivka, datum_propusteni, datum_narozeni, vyska, popis) values (26, 1, 26, 'Camélia', 'Cyseley', null, '2082-04-18T01:00:25Z', null, 160, null);
insert into vezen (id_vezen, id_cela, cislo_vezne, jmeno, prijmeni, prezdivka, datum_propusteni, datum_narozeni, vyska, popis) values (27, 20, 27, 'Mårten', 'Rappport', null, '2081-07-25T00:12:28Z', null, 153, null);
insert into vezen (id_vezen, id_cela, cislo_vezne, jmeno, prijmeni, prezdivka, datum_propusteni, datum_narozeni, vyska, popis) values (28, 22, 28, 'Chloé', 'Quantrill', null, '2027-04-07T11:48:05Z', '2/13/1958', 157, null);
insert into vezen (id_vezen, id_cela, cislo_vezne, jmeno, prijmeni, prezdivka, datum_propusteni, datum_narozeni, vyska, popis) values (29, 17, 29, 'Gérald', 'Winckle', null, '2067-08-22T16:40:02Z', '4/11/1946', 171, null);
insert into vezen (id_vezen, id_cela, cislo_vezne, jmeno, prijmeni, prezdivka, datum_propusteni, datum_narozeni, vyska, popis) values (30, 17, 30, 'Edmée', 'Giffkins', null, '2037-12-16T06:15:57Z', '3/18/1956', 201, null);
insert into vezen (id_vezen, id_cela, cislo_vezne, jmeno, prijmeni, prezdivka, datum_propusteni, datum_narozeni, vyska, popis) values (31, 11, 31, 'Miléna', 'Bartoloma', null, '2076-01-17T18:22:52Z', '8/18/1948', 177, null);
insert into vezen (id_vezen, id_cela, cislo_vezne, jmeno, prijmeni, prezdivka, datum_propusteni, datum_narozeni, vyska, popis) values (32, 27, 32, 'Agnès', 'Sleicht', 'Yaris', '2063-03-06T23:03:15Z', '10/21/1993', 205, null);
insert into vezen (id_vezen, id_cela, cislo_vezne, jmeno, prijmeni, prezdivka, datum_propusteni, datum_narozeni, vyska, popis) values (33, 15, 33, 'Lài', 'Tonkes', null, '2025-11-15T21:19:36Z', null, 172, null);
insert into vezen (id_vezen, id_cela, cislo_vezne, jmeno, prijmeni, prezdivka, datum_propusteni, datum_narozeni, vyska, popis) values (34, 8, 34, 'Loïca', 'Bradd', null, '2054-01-27T16:14:54Z', '3/10/1936', null, null);
insert into vezen (id_vezen, id_cela, cislo_vezne, jmeno, prijmeni, prezdivka, datum_propusteni, datum_narozeni, vyska, popis) values (35, 25, 35, 'Maëlann', 'Kinworthy', null, '2045-04-30T08:50:06Z', '5/27/1985', 182, null);
insert into vezen (id_vezen, id_cela, cislo_vezne, jmeno, prijmeni, prezdivka, datum_propusteni, datum_narozeni, vyska, popis) values (36, 24, 36, 'Laurène', 'Durnell', 'Yukon XL 2500', '2049-01-28T16:08:02Z', null, null, null);
insert into vezen (id_vezen, id_cela, cislo_vezne, jmeno, prijmeni, prezdivka, datum_propusteni, datum_narozeni, vyska, popis) values (37, 16, 37, 'Sòng', 'Woolley', null, '2061-03-12T23:16:29Z', '2/23/1969', 206, null);
insert into vezen (id_vezen, id_cela, cislo_vezne, jmeno, prijmeni, prezdivka, datum_propusteni, datum_narozeni, vyska, popis) values (38, 13, 38, 'Hélène', 'Kidstone', null, '2052-10-23T00:24:03Z', '10/18/1927', 155, null);
insert into vezen (id_vezen, id_cela, cislo_vezne, jmeno, prijmeni, prezdivka, datum_propusteni, datum_narozeni, vyska, popis) values (39, 17, 39, 'Åslög', 'Toomer', null, '2037-04-24T17:06:53Z', null, null, null);
insert into vezen (id_vezen, id_cela, cislo_vezne, jmeno, prijmeni, prezdivka, datum_propusteni, datum_narozeni, vyska, popis) values (40, 22, 40, 'Björn', 'Bicker', 'RX-7', '2062-08-26T11:08:39Z', '9/27/1979', 179, null);
insert into vezen (id_vezen, id_cela, cislo_vezne, jmeno, prijmeni, prezdivka, datum_propusteni, datum_narozeni, vyska, popis) values (41, 8, 41, 'Célia', 'Gulliver', 'C-Class', '2065-04-26T20:31:10Z', '1/8/1956', 163, 'Construction Expeditor');
insert into vezen (id_vezen, id_cela, cislo_vezne, jmeno, prijmeni, prezdivka, datum_propusteni, datum_narozeni, vyska, popis) values (42, 24, 42, 'Geneviève', 'Muir', null, '2034-10-28T23:47:25Z', null, 154, null);
insert into vezen (id_vezen, id_cela, cislo_vezne, jmeno, prijmeni, prezdivka, datum_propusteni, datum_narozeni, vyska, popis) values (43, 6, 43, 'Geneviève', 'Janman', null, '2027-09-02T15:18:39Z', '6/8/1965', 192, null);
insert into vezen (id_vezen, id_cela, cislo_vezne, jmeno, prijmeni, prezdivka, datum_propusteni, datum_narozeni, vyska, popis) values (44, 26, 44, 'Tán', 'Ivashin', 'X5', '2058-02-01T16:05:18Z', '6/10/1989', null, null);
insert into vezen (id_vezen, id_cela, cislo_vezne, jmeno, prijmeni, prezdivka, datum_propusteni, datum_narozeni, vyska, popis) values (45, 25, 45, 'Marie-thérèse', 'Wass', 'Eos', '2069-05-18T17:17:45Z', null, 185, null);
insert into vezen (id_vezen, id_cela, cislo_vezne, jmeno, prijmeni, prezdivka, datum_propusteni, datum_narozeni, vyska, popis) values (46, 12, 46, 'Bécassine', 'Showte', null, '2037-06-11T02:13:38Z', '11/14/1923', 201, null);
insert into vezen (id_vezen, id_cela, cislo_vezne, jmeno, prijmeni, prezdivka, datum_propusteni, datum_narozeni, vyska, popis) values (47, 25, 47, 'Andrée', 'Limmer', 'Legacy', '2074-08-04T04:43:10Z', null, 160, null);
insert into vezen (id_vezen, id_cela, cislo_vezne, jmeno, prijmeni, prezdivka, datum_propusteni, datum_narozeni, vyska, popis) values (48, 3, 48, 'Léa', 'Carden', null, '2037-05-18T18:43:26Z', '9/26/1957', 176, null);
insert into vezen (id_vezen, id_cela, cislo_vezne, jmeno, prijmeni, prezdivka, datum_propusteni, datum_narozeni, vyska, popis) values (49, 13, 49, 'Estée', 'Iannini', 'rio', '2074-11-12T14:27:08Z', '3/12/1968', null, null);
insert into vezen (id_vezen, id_cela, cislo_vezne, jmeno, prijmeni, prezdivka, datum_propusteni, datum_narozeni, vyska, popis) values (50, 7, 50, 'Thérèse', 'Spore', 'Skylark', '2030-10-01T08:24:25Z', '6/12/1947', 208, null);
insert into vezen (id_vezen, id_cela, cislo_vezne, jmeno, prijmeni, prezdivka, datum_propusteni, datum_narozeni, vyska, popis) values (51, 1, 51, 'Marie-hélène', 'Calles', 'Ciera', '2068-06-02T14:06:03Z', '3/7/1928', 182, 'Construction Worker');
insert into vezen (id_vezen, id_cela, cislo_vezne, jmeno, prijmeni, prezdivka, datum_propusteni, datum_narozeni, vyska, popis) values (52, 11, 52, 'Valérie', 'McVeagh', null, '2035-10-08T07:04:26Z', '6/16/1926', 184, null);
insert into vezen (id_vezen, id_cela, cislo_vezne, jmeno, prijmeni, prezdivka, datum_propusteni, datum_narozeni, vyska, popis) values (53, 22, 53, 'Magdalène', 'Guntrip', null, '2056-05-22T15:52:09Z', null, 195, null);
insert into vezen (id_vezen, id_cela, cislo_vezne, jmeno, prijmeni, prezdivka, datum_propusteni, datum_narozeni, vyska, popis) values (54, 18, 54, 'Méghane', 'Abramcik', null, '2045-12-01T06:39:34Z', '3/18/1955', 178, null);
insert into vezen (id_vezen, id_cela, cislo_vezne, jmeno, prijmeni, prezdivka, datum_propusteni, datum_narozeni, vyska, popis) values (55, 19, 55, 'Amélie', 'Klimkowski', null, '2079-06-08T13:10:13Z', null, 159, null);
insert into vezen (id_vezen, id_cela, cislo_vezne, jmeno, prijmeni, prezdivka, datum_propusteni, datum_narozeni, vyska, popis) values (56, 3, 56, 'Rachèle', 'Gehricke', null, '2038-04-08T01:45:45Z', '5/9/1962', 179, null);
insert into vezen (id_vezen, id_cela, cislo_vezne, jmeno, prijmeni, prezdivka, datum_propusteni, datum_narozeni, vyska, popis) values (57, 7, 57, 'Åslög', 'Eppson', null, '2040-10-01T04:44:27Z', '4/25/1966', 190, null);
insert into vezen (id_vezen, id_cela, cislo_vezne, jmeno, prijmeni, prezdivka, datum_propusteni, datum_narozeni, vyska, popis) values (58, 24, 58, 'Séréna', 'Goulborne', null, '2069-07-21T19:27:11Z', null, 203, null);
insert into vezen (id_vezen, id_cela, cislo_vezne, jmeno, prijmeni, prezdivka, datum_propusteni, datum_narozeni, vyska, popis) values (59, 25, 59, 'Hélèna', 'Sherington', null, '2072-01-22T16:59:17Z', '3/17/2002', null, null);
insert into vezen (id_vezen, id_cela, cislo_vezne, jmeno, prijmeni, prezdivka, datum_propusteni, datum_narozeni, vyska, popis) values (60, 20, 60, 'Aimée', 'Marquese', 'Festiva', '2083-04-10T08:36:09Z', null, 192, null);
insert into vezen (id_vezen, id_cela, cislo_vezne, jmeno, prijmeni, prezdivka, datum_propusteni, datum_narozeni, vyska, popis) values (61, 24, 61, 'Personnalisée', 'Purse', '1500', '2049-12-27T21:22:26Z', null, null, null);
insert into vezen (id_vezen, id_cela, cislo_vezne, jmeno, prijmeni, prezdivka, datum_propusteni, datum_narozeni, vyska, popis) values (62, 27, 62, 'Félicie', 'Disley', null, '2037-08-28T03:04:18Z', '2/9/1990', 191, null);
insert into vezen (id_vezen, id_cela, cislo_vezne, jmeno, prijmeni, prezdivka, datum_propusteni, datum_narozeni, vyska, popis) values (63, 8, 34, 'Lukas', 'Staif', null, '2154-01-27T16:14:54Z', '3/10/1937', null, null);
insert into vezen (id_vezen, id_cela, cislo_vezne, jmeno, prijmeni, prezdivka, datum_propusteni, datum_narozeni, vyska, popis) values (64, 5, 64, 'Sòng', 'Raitie', null, '2052-01-23T17:48:30Z', null, 200, null);
insert into vezen (id_vezen, id_cela, cislo_vezne, jmeno, prijmeni, prezdivka, datum_propusteni, datum_narozeni, vyska, popis) values (65, 18, 65, 'Naéva', 'Feye', null, '2073-08-19T00:27:55Z', '2/22/1972', 202, null);
insert into vezen (id_vezen, id_cela, cislo_vezne, jmeno, prijmeni, prezdivka, datum_propusteni, datum_narozeni, vyska, popis) values (66, 17, 66, 'Pò', 'FitzGilbert', null, '2024-05-06T02:22:21Z', '10/20/1949', 168, null);
insert into vezen (id_vezen, id_cela, cislo_vezne, jmeno, prijmeni, prezdivka, datum_propusteni, datum_narozeni, vyska, popis) values (67, 13, 67, 'Lyséa', 'Stonehouse', null, '2059-08-20T04:26:33Z', '3/28/1971', null, null);
insert into vezen (id_vezen, id_cela, cislo_vezne, jmeno, prijmeni, prezdivka, datum_propusteni, datum_narozeni, vyska, popis) values (68, 18, 68, 'Yú', 'Tuer', null, '2037-01-06T22:26:58Z', null, 155, null);
insert into vezen (id_vezen, id_cela, cislo_vezne, jmeno, prijmeni, prezdivka, datum_propusteni, datum_narozeni, vyska, popis) values (69, 17, 69, 'Céline', 'Duberry', 'GranSport', '2053-10-31T08:38:35Z', null, null, null);
insert into vezen (id_vezen, id_cela, cislo_vezne, jmeno, prijmeni, prezdivka, datum_propusteni, datum_narozeni, vyska, popis) values (70, 27, 70, 'Dù', 'Severy', null, '2076-08-29T08:39:12Z', null, null, null);
insert into vezen (id_vezen, id_cela, cislo_vezne, jmeno, prijmeni, prezdivka, datum_propusteni, datum_narozeni, vyska, popis) values (71, 10, 71, 'Maëlann', 'Cotte', null, '2065-04-10T00:47:23Z', null, 179, null);
insert into vezen (id_vezen, id_cela, cislo_vezne, jmeno, prijmeni, prezdivka, datum_propusteni, datum_narozeni, vyska, popis) values (72, 27, 72, 'Gisèle', 'Cursons', null, '2040-04-03T18:09:51Z', '12/12/1948', null, null);
insert into vezen (id_vezen, id_cela, cislo_vezne, jmeno, prijmeni, prezdivka, datum_propusteni, datum_narozeni, vyska, popis) values (73, 20, 73, 'Kù', 'Edmand', '325', '2070-02-27T10:17:39Z', '2/19/1976', 195, null);
insert into vezen (id_vezen, id_cela, cislo_vezne, jmeno, prijmeni, prezdivka, datum_propusteni, datum_narozeni, vyska, popis) values (74, 27, 74, 'Géraldine', 'Formby', null, '2050-07-10T04:35:32Z', '8/15/1988', null, null);
insert into vezen (id_vezen, id_cela, cislo_vezne, jmeno, prijmeni, prezdivka, datum_propusteni, datum_narozeni, vyska, popis) values (75, 14, 75, 'Réservés', 'Snepp', null, '2055-07-25T01:44:36Z', null, 168, null);
insert into vezen (id_vezen, id_cela, cislo_vezne, jmeno, prijmeni, prezdivka, datum_propusteni, datum_narozeni, vyska, popis) values (76, 19, 76, 'Pénélope', 'Dunsmuir', null, '2050-02-12T05:12:32Z', null, 211, null);
insert into vezen (id_vezen, id_cela, cislo_vezne, jmeno, prijmeni, prezdivka, datum_propusteni, datum_narozeni, vyska, popis) values (77, 18, 77, 'Pélagie', 'Pee', 'Ram Van 3500', '2031-07-24T11:35:16Z', '6/18/1976', 161, null);
insert into vezen (id_vezen, id_cela, cislo_vezne, jmeno, prijmeni, prezdivka, datum_propusteni, datum_narozeni, vyska, popis) values (78, 1, 78, 'Océane', 'Paulet', 'Fox', '2079-08-30T01:51:18Z', null, 208, null);
insert into vezen (id_vezen, id_cela, cislo_vezne, jmeno, prijmeni, prezdivka, datum_propusteni, datum_narozeni, vyska, popis) values (79, 4, 79, 'Laurène', 'Archibald', 'Eurovan', '2060-05-27T03:08:05Z', null, 197, null);
insert into vezen (id_vezen, id_cela, cislo_vezne, jmeno, prijmeni, prezdivka, datum_propusteni, datum_narozeni, vyska, popis) values (80, 18, 80, 'Aí', 'Bartomieu', null, '2041-05-11T13:21:36Z', null, 170, null);
insert into vezen (id_vezen, id_cela, cislo_vezne, jmeno, prijmeni, prezdivka, datum_propusteni, datum_narozeni, vyska, popis) values (81, 21, 81, 'Lorène', 'Swiffan', null, '2059-10-23T03:14:32Z', '10/15/1984', null, null);
insert into vezen (id_vezen, id_cela, cislo_vezne, jmeno, prijmeni, prezdivka, datum_propusteni, datum_narozeni, vyska, popis) values (82, 21, 82, 'Sélène', 'Addison', 'Z4', '2031-05-30T02:12:37Z', '10/20/1987', 211, null);
insert into vezen (id_vezen, id_cela, cislo_vezne, jmeno, prijmeni, prezdivka, datum_propusteni, datum_narozeni, vyska, popis) values (83, 22, 83, 'Gösta', 'Flanigan', null, '2064-02-11T22:39:07Z', '7/4/1953', 207, null);
insert into vezen (id_vezen, id_cela, cislo_vezne, jmeno, prijmeni, prezdivka, datum_propusteni, datum_narozeni, vyska, popis) values (84, 22, 84, 'Maïwenn', 'Gogay', null, '2065-09-15T19:49:22Z', '9/23/1962', 161, null);
insert into vezen (id_vezen, id_cela, cislo_vezne, jmeno, prijmeni, prezdivka, datum_propusteni, datum_narozeni, vyska, popis) values (85, 9, 85, 'Frédérique', 'Ertel', null, '2057-08-30T23:39:37Z', '6/13/1980', 198, null);
insert into vezen (id_vezen, id_cela, cislo_vezne, jmeno, prijmeni, prezdivka, datum_propusteni, datum_narozeni, vyska, popis) values (86, 25, 86, 'Rébecca', 'Overal', null, '2061-02-07T00:27:21Z', null, 180, null);
insert into vezen (id_vezen, id_cela, cislo_vezne, jmeno, prijmeni, prezdivka, datum_propusteni, datum_narozeni, vyska, popis) values (87, 9, 87, 'Vérane', 'Gunningham', null, '2079-07-08T20:32:57Z', null, 201, null);
insert into vezen (id_vezen, id_cela, cislo_vezne, jmeno, prijmeni, prezdivka, datum_propusteni, datum_narozeni, vyska, popis) values (88, 24, 88, 'Bérénice', 'Smartman', null, '2082-11-12T23:54:10Z', '5/24/1968', 179, null);
insert into vezen (id_vezen, id_cela, cislo_vezne, jmeno, prijmeni, prezdivka, datum_propusteni, datum_narozeni, vyska, popis) values (89, 3, 89, 'Adélie', 'Halliberton', null, '2035-02-05T15:06:37Z', '3/4/1956', 186, null);
insert into vezen (id_vezen, id_cela, cislo_vezne, jmeno, prijmeni, prezdivka, datum_propusteni, datum_narozeni, vyska, popis) values (90, 8, 90, 'Märta', 'Sach', null, '2058-05-09T16:53:21Z', '8/28/1926', null, null);
insert into vezen (id_vezen, id_cela, cislo_vezne, jmeno, prijmeni, prezdivka, datum_propusteni, datum_narozeni, vyska, popis) values (91, 21, 91, 'Angèle', 'Cains', null, '2055-08-01T12:01:34Z', null, null, null);
insert into vezen (id_vezen, id_cela, cislo_vezne, jmeno, prijmeni, prezdivka, datum_propusteni, datum_narozeni, vyska, popis) values (92, 2, 92, 'Marie-hélène', 'Bullier', '7 Series', '2040-05-05T06:01:55Z', '8/14/1970', 180, null);
insert into vezen (id_vezen, id_cela, cislo_vezne, jmeno, prijmeni, prezdivka, datum_propusteni, datum_narozeni, vyska, popis) values (93, 14, 93, 'Léonore', 'Eye', null, '2068-11-21T22:24:00Z', '10/6/1949', null, null);
insert into vezen (id_vezen, id_cela, cislo_vezne, jmeno, prijmeni, prezdivka, datum_propusteni, datum_narozeni, vyska, popis) values (94, 9, 94, 'Valérie', 'Cartman', null, '2070-03-24T05:53:54Z', '11/8/1985', null, null);
insert into vezen (id_vezen, id_cela, cislo_vezne, jmeno, prijmeni, prezdivka, datum_propusteni, datum_narozeni, vyska, popis) values (95, 9, 95, 'Léa', 'Fronks', null, '2076-04-07T09:24:50Z', '6/15/1975', 186, null);
insert into vezen (id_vezen, id_cela, cislo_vezne, jmeno, prijmeni, prezdivka, datum_propusteni, datum_narozeni, vyska, popis) values (96, 7, 96, 'Åsa', 'Colleton', null, '2041-02-05T04:11:23Z', '9/1/1927', 198, null);
insert into vezen (id_vezen, id_cela, cislo_vezne, jmeno, prijmeni, prezdivka, datum_propusteni, datum_narozeni, vyska, popis) values (97, 25, 97, 'Dorothée', 'Gyurkovics', 'RX Hybrid', '2046-04-12T08:47:04Z', '6/4/1928', null, null);
insert into vezen (id_vezen, id_cela, cislo_vezne, jmeno, prijmeni, prezdivka, datum_propusteni, datum_narozeni, vyska, popis) values (98, 15, 98, 'Séréna', 'Tather', null, '2023-09-09T21:29:26Z', '2/11/1962', null, null);
insert into vezen (id_vezen, id_cela, cislo_vezne, jmeno, prijmeni, prezdivka, datum_propusteni, datum_narozeni, vyska, popis) values (99, 27, 99, 'Hélèna', 'Fairlie', null, '2032-10-12T00:45:18Z', '12/9/1977', null, null);
insert into vezen (id_vezen, id_cela, cislo_vezne, jmeno, prijmeni, prezdivka, datum_propusteni, datum_narozeni, vyska, popis) values (100, 23, 100, 'Célestine', 'Polson', null, '2058-01-27T05:32:04Z', '2/20/1965', 156, null);
SELECT SETVAL(PG_GET_SERIAL_SEQUENCE('vezen', 'id_vezen'), 100);

insert into vezen_alergeny (id_vezen, id_alergeny) values (1, 12);
insert into vezen_alergeny (id_vezen, id_alergeny) values (2, 1);
insert into vezen_alergeny (id_vezen, id_alergeny) values (3, 13);
insert into vezen_alergeny (id_vezen, id_alergeny) values (4, 13);
insert into vezen_alergeny (id_vezen, id_alergeny) values (5, 4);
insert into vezen_alergeny (id_vezen, id_alergeny) values (6, 11);
insert into vezen_alergeny (id_vezen, id_alergeny) values (7, 7);
insert into vezen_alergeny (id_vezen, id_alergeny) values (8, 8);
insert into vezen_alergeny (id_vezen, id_alergeny) values (9, 4);
insert into vezen_alergeny (id_vezen, id_alergeny) values (10, 13);
insert into vezen_alergeny (id_vezen, id_alergeny) values (11, 10);
insert into vezen_alergeny (id_vezen, id_alergeny) values (12, 12);
insert into vezen_alergeny (id_vezen, id_alergeny) values (13, 3);
insert into vezen_alergeny (id_vezen, id_alergeny) values (14, 13);
insert into vezen_alergeny (id_vezen, id_alergeny) values (15, 4);
insert into vezen_alergeny (id_vezen, id_alergeny) values (16, 8);
insert into vezen_alergeny (id_vezen, id_alergeny) values (17, 4);
insert into vezen_alergeny (id_vezen, id_alergeny) values (18, 2);
insert into vezen_alergeny (id_vezen, id_alergeny) values (19, 7);
insert into vezen_alergeny (id_vezen, id_alergeny) values (20, 1);
insert into vezen_alergeny (id_vezen, id_alergeny) values (21, 11);
insert into vezen_alergeny (id_vezen, id_alergeny) values (27, 4);
insert into vezen_alergeny (id_vezen, id_alergeny) values (33, 12);
insert into vezen_alergeny (id_vezen, id_alergeny) values (34, 6);
insert into vezen_alergeny (id_vezen, id_alergeny) values (45, 7);
insert into vezen_alergeny (id_vezen, id_alergeny) values (54, 16);
insert into vezen_alergeny (id_vezen, id_alergeny) values (100, 15);
SELECT SETVAL(PG_GET_SERIAL_SEQUENCE('vezen_alergeny', 'id_vezen'), 100);

insert into jidlo (id_jidlo, nazev, popis, doba_pripravy, pocet_porci) values (1, 'spaghetti', null, '6:26:44.000', 13);
insert into jidlo (id_jidlo, nazev, popis, doba_pripravy, pocet_porci) values (2, 'spaghetti with ketchup', null, '6:26:44.000', 13);
insert into jidlo (id_jidlo, nazev, popis, doba_pripravy, pocet_porci) values (3, 'lasagna', null, '2:07:02.000', 48);
insert into jidlo (id_jidlo, nazev, popis, doba_pripravy, pocet_porci) values (4, 'pizza', 'topping choices needed', '18:59:39.000', 26);
insert into jidlo (id_jidlo, nazev, popis, doba_pripravy, pocet_porci) values (5, 'ravioli', null, null, 68);
insert into jidlo (id_jidlo, nazev, popis, doba_pripravy, pocet_porci) values (6, 'carbonara', 'recommend adding pancetta', '10:39:28.000', 30);
insert into jidlo (id_jidlo, nazev, popis, doba_pripravy, pocet_porci) values (7, 'gnocchi', 'needs fresh pesto sauce', '5:47:58.000', 67);
insert into jidlo (id_jidlo, nazev, popis, doba_pripravy, pocet_porci) values (8, 'risotto', 'requires saffron', '18:05:53.000', 75);
insert into jidlo (id_jidlo, nazev, popis, doba_pripravy, pocet_porci) values (9, 'cannelloni', null, null, 75);
insert into jidlo (id_jidlo, nazev, popis, doba_pripravy, pocet_porci) values (10, 'tagliatelle', 'recommend adding truffle oil', '13:30:05.000', 65);
insert into jidlo (id_jidlo, nazev, popis, doba_pripravy, pocet_porci) values (11, 'penne', null, '0:14:26.000', 94);
insert into jidlo (id_jidlo, nazev, popis, doba_pripravy, pocet_porci) values (12, 'fettuccine', null, null, 88);
insert into jidlo (id_jidlo, nazev, popis, doba_pripravy, pocet_porci) values (13, 'rigatoni', 'requires spicy arrabbiata sauce', '11:40:18.000', 98);
insert into jidlo (id_jidlo, nazev, popis, doba_pripravy, pocet_porci) values (14, 'linguine', 'recommend adding seafood', '17:39:21.000', 17);
insert into jidlo (id_jidlo, nazev, popis, doba_pripravy, pocet_porci) values (15, 'macaroni', 'needs fresh cheese sauce', '12:14:32.000', 21);
insert into jidlo (id_jidlo, nazev, popis, doba_pripravy, pocet_porci) values (16, 'cavatelli', 'recommend adding minced garlic', '2:42:46.000', 17);
insert into jidlo (id_jidlo, nazev, popis, doba_pripravy, pocet_porci) values (17, 'orecchiette', 'needs fresh tomato sauce', '3:18:26.000', 94);
insert into jidlo (id_jidlo, nazev, popis, doba_pripravy, pocet_porci) values (18, 'farfalle', 'requires creamy alfredo sauce', null, 18);
insert into jidlo (id_jidlo, nazev, popis, doba_pripravy, pocet_porci) values (19, 'tortellini', 'recommend adding sage butter', '4:40:48.000', 92);
insert into jidlo (id_jidlo, nazev, popis, doba_pripravy, pocet_porci) values (20, 'cappelletti', 'needs fresh mushroom sauce', null, 36);
insert into jidlo (id_jidlo, nazev, popis, doba_pripravy, pocet_porci) values (21, 'agnolotti', 'recommend adding prosciutto', '0:29:03.000', 25);
insert into jidlo (id_jidlo, nazev, popis, doba_pripravy, pocet_porci) values (22, 'fusilli', 'needs fresh pesto sauce', '11:22:16.000', 10);
insert into jidlo (id_jidlo, nazev, popis, doba_pripravy, pocet_porci) values (23, 'strozzapreti', 'recommend adding sun-dried tomatoes', null, 45);
insert into jidlo (id_jidlo, nazev, popis, doba_pripravy, pocet_porci) values (24, 'pappardelle', null, '22:17:49.000', 55);
insert into jidlo (id_jidlo, nazev, popis, doba_pripravy, pocet_porci) values (25, 'macaroni', 'requires creamy cheese sauce', null, 49);
insert into jidlo (id_jidlo, nazev, popis, doba_pripravy, pocet_porci) values (26, 'macaroni without cheese', null, null, 49);
insert into jidlo (id_jidlo, nazev, popis, doba_pripravy, pocet_porci) values (27, 'penne', null, '14:20:03.000', 34);
SELECT SETVAL(PG_GET_SERIAL_SEQUENCE('jidlo', 'id_jidlo'), 27);

insert into jidlo_alergeny (id_jidlo, id_alergeny) values (1, 2);
insert into jidlo_alergeny (id_jidlo, id_alergeny) values (2, 1);
insert into jidlo_alergeny (id_jidlo, id_alergeny) values (3, 13);
insert into jidlo_alergeny (id_jidlo, id_alergeny) values (4, 2);
insert into jidlo_alergeny (id_jidlo, id_alergeny) values (5, 8);
insert into jidlo_alergeny (id_jidlo, id_alergeny) values (6, 2);
insert into jidlo_alergeny (id_jidlo, id_alergeny) values (7, 13);
insert into jidlo_alergeny (id_jidlo, id_alergeny) values (8, 12);
insert into jidlo_alergeny (id_jidlo, id_alergeny) values (9, 4);
insert into jidlo_alergeny (id_jidlo, id_alergeny) values (10, 6);
insert into jidlo_alergeny (id_jidlo, id_alergeny) values (11, 3);
insert into jidlo_alergeny (id_jidlo, id_alergeny) values (12, 5);
insert into jidlo_alergeny (id_jidlo, id_alergeny) values (13, 12);
insert into jidlo_alergeny (id_jidlo, id_alergeny) values (14, 4);
insert into jidlo_alergeny (id_jidlo, id_alergeny) values (15, 3);
insert into jidlo_alergeny (id_jidlo, id_alergeny) values (16, 1);
insert into jidlo_alergeny (id_jidlo, id_alergeny) values (17, 10);
SELECT SETVAL(PG_GET_SERIAL_SEQUENCE('jidlo_alergeny', 'id_jidlo'), 17);

insert into hotove_jidlo (datum_uvareni, id_jidlo, kuchar_id_zamestnanec, bachar_id_zamestnanec, id_vezen, datum_kontroly, pocet_porci) values ('2018-03-30T16:58:28.123Z', 8, 9, 37, 59, '2011-12-10T06:10:29Z', null);
insert into hotove_jidlo (datum_uvareni, id_jidlo, kuchar_id_zamestnanec, bachar_id_zamestnanec, id_vezen, datum_kontroly, pocet_porci) values ('2013-04-13T22:20:52.456Z', 27, 11, 42, 25, '2017-09-08T22:35:20Z', null);
insert into hotove_jidlo (datum_uvareni, id_jidlo, kuchar_id_zamestnanec, bachar_id_zamestnanec, id_vezen, datum_kontroly, pocet_porci) values ('1998-07-24T00:52:17.789Z', 10, 4, 63, 63, '2005-12-14T07:36:09Z', null);
insert into hotove_jidlo (datum_uvareni, id_jidlo, kuchar_id_zamestnanec, bachar_id_zamestnanec, id_vezen, datum_kontroly, pocet_porci) values ('2014-08-18T01:15:25.012Z', 24, 5, 35, 81, '2001-03-18T08:26:44Z', 8);
insert into hotove_jidlo (datum_uvareni, id_jidlo, kuchar_id_zamestnanec, bachar_id_zamestnanec, id_vezen, datum_kontroly, pocet_porci) values ('2000-02-29T01:30:48.345Z', 8, 6, 92, 67, '2020-05-17T03:07:48Z', null);
insert into hotove_jidlo (datum_uvareni, id_jidlo, kuchar_id_zamestnanec, bachar_id_zamestnanec, id_vezen, datum_kontroly, pocet_porci) values ('2008-05-22T07:46:49.678Z', 13, 4, 68, 70, '2017-03-27T01:03:06Z', null);
insert into hotove_jidlo (datum_uvareni, id_jidlo, kuchar_id_zamestnanec, bachar_id_zamestnanec, id_vezen, datum_kontroly, pocet_porci) values ('1993-11-25T19:26:56.901Z', 15, 5, 99, 68, '2002-05-20T21:19:55Z', null);
insert into hotove_jidlo (datum_uvareni, id_jidlo, kuchar_id_zamestnanec, bachar_id_zamestnanec, id_vezen, datum_kontroly, pocet_porci) values ('2011-02-18T19:38:59.234Z', 26, 5, 100, 99, '2013-06-11T16:53:36Z', 88);
insert into hotove_jidlo (datum_uvareni, id_jidlo, kuchar_id_zamestnanec, bachar_id_zamestnanec, id_vezen, datum_kontroly, pocet_porci) values ('2014-01-13T06:20:34.567Z', 1, 1, 47, 89, '2013-10-15T06:32:44Z', null);
insert into hotove_jidlo (datum_uvareni, id_jidlo, kuchar_id_zamestnanec, bachar_id_zamestnanec, id_vezen, datum_kontroly, pocet_porci) values ('2003-11-24T05:20:50.890Z', 5, 1, 77, 69, '2016-12-08T13:47:07Z', 2);
insert into hotove_jidlo (datum_uvareni, id_jidlo, kuchar_id_zamestnanec, bachar_id_zamestnanec, id_vezen, datum_kontroly, pocet_porci) values ('2005-11-05T17:50:11.123Z', 3, 2, 44, 16, '2018-05-15T13:45:51Z', null);
insert into hotove_jidlo (datum_uvareni, id_jidlo, kuchar_id_zamestnanec, bachar_id_zamestnanec, id_vezen, datum_kontroly, pocet_porci) values ('2002-03-15T05:46:48.456Z', 24, 7, 45, 88, '2015-08-10T13:20:27Z', 87);
insert into hotove_jidlo (datum_uvareni, id_jidlo, kuchar_id_zamestnanec, bachar_id_zamestnanec, id_vezen, datum_kontroly, pocet_porci) values ('2008-09-12T00:57:12.789Z', 13, 9, 47, 73, '2021-10-05T04:41:26Z', null);
insert into hotove_jidlo (datum_uvareni, id_jidlo, kuchar_id_zamestnanec, bachar_id_zamestnanec, id_vezen, datum_kontroly, pocet_porci) values ('2004-04-30T14:31:57.012Z', 24, 10, 35, 89, '2024-02-21T07:12:44Z', null);
insert into hotove_jidlo (datum_uvareni, id_jidlo, kuchar_id_zamestnanec, bachar_id_zamestnanec, id_vezen, datum_kontroly, pocet_porci) values ('1990-11-17T23:15:40.345Z', 8, 6, 49, 88, '2002-07-02T12:03:36Z', null);
insert into hotove_jidlo (datum_uvareni, id_jidlo, kuchar_id_zamestnanec, bachar_id_zamestnanec, id_vezen, datum_kontroly, pocet_porci) values ('2020-05-06T22:29:20.678Z', 14, 2, 77, 75, '2020-01-13T05:10:42Z', null);
insert into hotove_jidlo (datum_uvareni, id_jidlo, kuchar_id_zamestnanec, bachar_id_zamestnanec, id_vezen, datum_kontroly, pocet_porci) values ('2006-06-04T23:15:25.901Z', 8, 11, 51, 45, '2010-11-05T13:32:21Z', 4);
insert into hotove_jidlo (datum_uvareni, id_jidlo, kuchar_id_zamestnanec, bachar_id_zamestnanec, id_vezen, datum_kontroly, pocet_porci) values ('2008-05-13T17:38:50.234Z', 13, 8, 85, 82, '2004-02-04T14:03:49Z', 42);
insert into hotove_jidlo (datum_uvareni, id_jidlo, kuchar_id_zamestnanec, bachar_id_zamestnanec, id_vezen, datum_kontroly, pocet_porci) values ('2018-11-01T02:23:29.567Z', 26, 8, 88, 46, '2009-03-22T06:27:49Z', null);
insert into hotove_jidlo (datum_uvareni, id_jidlo, kuchar_id_zamestnanec, bachar_id_zamestnanec, id_vezen, datum_kontroly, pocet_porci) values ('2005-12-18T02:51:13.890Z', 5, 9, 59, 14, '2020-05-17T11:01:19Z', null);
-- Configuration for category D below
insert into hotove_jidlo (datum_uvareni, id_jidlo, kuchar_id_zamestnanec, bachar_id_zamestnanec, id_vezen, datum_kontroly, pocet_porci) values ('2006-12-18T02:51:14.123Z', 5, 9, 19, 1, '2020-05-17T11:01:14Z', null);
insert into hotove_jidlo (datum_uvareni, id_jidlo, kuchar_id_zamestnanec, bachar_id_zamestnanec, id_vezen, datum_kontroly, pocet_porci) values ('2007-12-18T02:51:15.456Z', 5, 9, 19, 2, '2020-05-17T11:01:15Z', null);
insert into hotove_jidlo (datum_uvareni, id_jidlo, kuchar_id_zamestnanec, bachar_id_zamestnanec, id_vezen, datum_kontroly, pocet_porci) values ('2008-12-18T02:51:16.789Z', 5, 9, 19, 3, '2020-05-17T11:01:16Z', null);
insert into hotove_jidlo (datum_uvareni, id_jidlo, kuchar_id_zamestnanec, bachar_id_zamestnanec, id_vezen, datum_kontroly, pocet_porci) values ('2009-12-18T02:51:17.012Z', 5, 9, 19, 4, '2020-05-17T11:01:17Z', null);
insert into hotove_jidlo (datum_uvareni, id_jidlo, kuchar_id_zamestnanec, bachar_id_zamestnanec, id_vezen, datum_kontroly, pocet_porci) values ('2010-12-18T02:51:18.345Z', 5, 9, 19, 5, '2020-05-17T11:01:18Z', null);
insert into hotove_jidlo (datum_uvareni, id_jidlo, kuchar_id_zamestnanec, bachar_id_zamestnanec, id_vezen, datum_kontroly, pocet_porci) values ('2011-12-18T02:51:14.678Z', 5, 9, 19, 6, '2020-05-17T11:01:19Z', null);
insert into hotove_jidlo (datum_uvareni, id_jidlo, kuchar_id_zamestnanec, bachar_id_zamestnanec, id_vezen, datum_kontroly, pocet_porci) values ('2012-12-18T02:51:15.901Z', 5, 9, 19, 7, '2020-05-17T11:01:19Z', null);
insert into hotove_jidlo (datum_uvareni, id_jidlo, kuchar_id_zamestnanec, bachar_id_zamestnanec, id_vezen, datum_kontroly, pocet_porci) values ('2013-12-18T02:51:16.234Z', 5, 9, 19, 8, '2020-05-17T11:01:19Z', null);
insert into hotove_jidlo (datum_uvareni, id_jidlo, kuchar_id_zamestnanec, bachar_id_zamestnanec, id_vezen, datum_kontroly, pocet_porci) values ('2014-12-18T02:51:17.567Z', 5, 9, 19, 9, '2020-05-17T11:01:19Z', null);
insert into hotove_jidlo (datum_uvareni, id_jidlo, kuchar_id_zamestnanec, bachar_id_zamestnanec, id_vezen, datum_kontroly, pocet_porci) values ('2015-12-18T02:51:18.890Z', 5, 9, 19, 10, '2020-05-17T11:01:19Z', null);
insert into hotove_jidlo (datum_uvareni, id_jidlo, kuchar_id_zamestnanec, bachar_id_zamestnanec, id_vezen, datum_kontroly, pocet_porci) values ('2016-12-18T02:51:19.123Z', 5, 9, 19, 11, '2020-05-17T11:01:19Z', null);
insert into hotove_jidlo (datum_uvareni, id_jidlo, kuchar_id_zamestnanec, bachar_id_zamestnanec, id_vezen, datum_kontroly, pocet_porci) values ('2017-12-18T02:51:20.456Z', 5, 9, 19, 12, '2020-05-17T11:01:19Z', null);
insert into hotove_jidlo (datum_uvareni, id_jidlo, kuchar_id_zamestnanec, bachar_id_zamestnanec, id_vezen, datum_kontroly, pocet_porci) values ('2018-12-18T02:51:21.789Z', 5, 9, 19, 13, '2020-05-17T11:01:19Z', null);
insert into hotove_jidlo (datum_uvareni, id_jidlo, kuchar_id_zamestnanec, bachar_id_zamestnanec, id_vezen, datum_kontroly, pocet_porci) values ('2019-12-18T02:51:22.012Z', 5, 9, 19, 14, '2020-05-17T11:01:19Z', null);
insert into hotove_jidlo (datum_uvareni, id_jidlo, kuchar_id_zamestnanec, bachar_id_zamestnanec, id_vezen, datum_kontroly, pocet_porci) values ('2020-12-18T02:51:23.345Z', 5, 9, 19, 15, '2020-05-17T11:01:19Z', null);
insert into hotove_jidlo (datum_uvareni, id_jidlo, kuchar_id_zamestnanec, bachar_id_zamestnanec, id_vezen, datum_kontroly, pocet_porci) values ('2021-12-18T02:51:24.678Z', 5, 9, 19, 16, '2020-05-17T11:01:19Z', null);
insert into hotove_jidlo (datum_uvareni, id_jidlo, kuchar_id_zamestnanec, bachar_id_zamestnanec, id_vezen, datum_kontroly, pocet_porci) values ('2022-12-18T02:51:25.901Z', 5, 9, 19, 17, '2020-05-17T11:01:19Z', null);
insert into hotove_jidlo (datum_uvareni, id_jidlo, kuchar_id_zamestnanec, bachar_id_zamestnanec, id_vezen, datum_kontroly, pocet_porci) values ('2024-12-18T02:51:26.234Z', 5, 9, 19, 18, '2020-05-17T11:01:19Z', null);
insert into hotove_jidlo (datum_uvareni, id_jidlo, kuchar_id_zamestnanec, bachar_id_zamestnanec, id_vezen, datum_kontroly, pocet_porci) values ('2001-12-18T02:51:27.567Z', 5, 9, 19, 19, '2020-05-17T11:01:19Z', null);
insert into hotove_jidlo (datum_uvareni, id_jidlo, kuchar_id_zamestnanec, bachar_id_zamestnanec, id_vezen, datum_kontroly, pocet_porci) values ('2001-11-18T02:51:28.890Z', 5, 9, 19, 20, '2020-05-17T11:01:19Z', null);
insert into hotove_jidlo (datum_uvareni, id_jidlo, kuchar_id_zamestnanec, bachar_id_zamestnanec, id_vezen, datum_kontroly, pocet_porci) values ('2001-10-18T02:51:29.123Z', 5, 9, 19, 21, '2020-05-17T11:01:19Z', null);
insert into hotove_jidlo (datum_uvareni, id_jidlo, kuchar_id_zamestnanec, bachar_id_zamestnanec, id_vezen, datum_kontroly, pocet_porci) values ('2001-09-18T02:51:30.456Z', 5, 9, 19, 22, '2020-05-17T11:01:19Z', null);
insert into hotove_jidlo (datum_uvareni, id_jidlo, kuchar_id_zamestnanec, bachar_id_zamestnanec, id_vezen, datum_kontroly, pocet_porci) values ('2001-08-18T02:51:31.789Z', 5, 9, 19, 23, '2020-05-17T11:01:19Z', null);
insert into hotove_jidlo (datum_uvareni, id_jidlo, kuchar_id_zamestnanec, bachar_id_zamestnanec, id_vezen, datum_kontroly, pocet_porci) values ('2001-07-18T02:51:32.012Z', 5, 9, 19, 24, '2020-05-17T11:01:19Z', null);
insert into hotove_jidlo (datum_uvareni, id_jidlo, kuchar_id_zamestnanec, bachar_id_zamestnanec, id_vezen, datum_kontroly, pocet_porci) values ('2001-06-18T02:51:33.345Z', 5, 9, 19, 25, '2020-05-17T11:01:19Z', null);
insert into hotove_jidlo (datum_uvareni, id_jidlo, kuchar_id_zamestnanec, bachar_id_zamestnanec, id_vezen, datum_kontroly, pocet_porci) values ('2001-05-18T02:51:34.678Z', 5, 9, 19, 26, '2020-05-17T11:01:19Z', null);
insert into hotove_jidlo (datum_uvareni, id_jidlo, kuchar_id_zamestnanec, bachar_id_zamestnanec, id_vezen, datum_kontroly, pocet_porci) values ('2001-04-18T02:51:35.901Z', 5, 9, 19, 27, '2020-05-17T11:01:19Z', null);
insert into hotove_jidlo (datum_uvareni, id_jidlo, kuchar_id_zamestnanec, bachar_id_zamestnanec, id_vezen, datum_kontroly, pocet_porci) values ('2001-03-18T02:51:36.234Z', 5, 9, 19, 28, '2020-05-17T11:01:19Z', null);
insert into hotove_jidlo (datum_uvareni, id_jidlo, kuchar_id_zamestnanec, bachar_id_zamestnanec, id_vezen, datum_kontroly, pocet_porci) values ('2001-02-18T02:51:37.567Z', 5, 9, 19, 29, '2020-05-17T11:01:19Z', null);
insert into hotove_jidlo (datum_uvareni, id_jidlo, kuchar_id_zamestnanec, bachar_id_zamestnanec, id_vezen, datum_kontroly, pocet_porci) values ('2001-01-18T02:51:38.890Z', 5, 9, 19, 30, '2020-05-17T11:01:19Z', null);

insert into hotove_jidlo (datum_uvareni, id_jidlo, kuchar_id_zamestnanec, bachar_id_zamestnanec, id_vezen, datum_kontroly, pocet_porci) values ('2001-12-01T02:51:39.123Z', 5, 9, 19, 31, '2020-05-17T11:01:19Z', null);
insert into hotove_jidlo (datum_uvareni, id_jidlo, kuchar_id_zamestnanec, bachar_id_zamestnanec, id_vezen, datum_kontroly, pocet_porci) values ('2005-12-02T02:51:40.456Z', 5, 9, 19, 32, '2020-05-17T11:01:19Z', null);
insert into hotove_jidlo (datum_uvareni, id_jidlo, kuchar_id_zamestnanec, bachar_id_zamestnanec, id_vezen, datum_kontroly, pocet_porci) values ('2005-12-03T02:51:41.789Z', 5, 9, 19, 33, '2020-05-17T11:01:19Z', null);
insert into hotove_jidlo (datum_uvareni, id_jidlo, kuchar_id_zamestnanec, bachar_id_zamestnanec, id_vezen, datum_kontroly, pocet_porci) values ('2005-12-04T02:51:42.012Z', 5, 9, 19, 34, '2020-05-17T11:01:19Z', null);
insert into hotove_jidlo (datum_uvareni, id_jidlo, kuchar_id_zamestnanec, bachar_id_zamestnanec, id_vezen, datum_kontroly, pocet_porci) values ('2005-12-05T02:51:43.345Z', 5, 9, 19, 35, '2020-05-17T11:01:19Z', null);
insert into hotove_jidlo (datum_uvareni, id_jidlo, kuchar_id_zamestnanec, bachar_id_zamestnanec, id_vezen, datum_kontroly, pocet_porci) values ('2005-12-06T02:51:44.678Z', 5, 9, 19, 36, '2020-05-17T11:01:19Z', null);
insert into hotove_jidlo (datum_uvareni, id_jidlo, kuchar_id_zamestnanec, bachar_id_zamestnanec, id_vezen, datum_kontroly, pocet_porci) values ('2005-12-07T02:51:45.901Z', 5, 9, 19, 37, '2020-05-17T11:01:19Z', null);
insert into hotove_jidlo (datum_uvareni, id_jidlo, kuchar_id_zamestnanec, bachar_id_zamestnanec, id_vezen, datum_kontroly, pocet_porci) values ('2005-12-08T02:51:46.234Z', 5, 9, 19, 38, '2020-05-17T11:01:19Z', null);
insert into hotove_jidlo (datum_uvareni, id_jidlo, kuchar_id_zamestnanec, bachar_id_zamestnanec, id_vezen, datum_kontroly, pocet_porci) values ('2005-12-09T02:51:47.567Z', 5, 9, 19, 39, '2020-05-17T11:01:19Z', null);
insert into hotove_jidlo (datum_uvareni, id_jidlo, kuchar_id_zamestnanec, bachar_id_zamestnanec, id_vezen, datum_kontroly, pocet_porci) values ('2005-12-10T02:51:48.890Z', 5, 9, 19, 40, '2020-05-17T11:01:19Z', null);
insert into hotove_jidlo (datum_uvareni, id_jidlo, kuchar_id_zamestnanec, bachar_id_zamestnanec, id_vezen, datum_kontroly, pocet_porci) values ('2005-12-11T02:51:49.123Z', 5, 9, 19, 41, '2020-05-17T11:01:19Z', null);
insert into hotove_jidlo (datum_uvareni, id_jidlo, kuchar_id_zamestnanec, bachar_id_zamestnanec, id_vezen, datum_kontroly, pocet_porci) values ('2005-12-12T02:51:50.456Z', 5, 9, 19, 42, '2020-05-17T11:01:19Z', null);
insert into hotove_jidlo (datum_uvareni, id_jidlo, kuchar_id_zamestnanec, bachar_id_zamestnanec, id_vezen, datum_kontroly, pocet_porci) values ('2005-12-13T02:51:51.789Z', 5, 9, 19, 43, '2020-05-17T11:01:19Z', null);
insert into hotove_jidlo (datum_uvareni, id_jidlo, kuchar_id_zamestnanec, bachar_id_zamestnanec, id_vezen, datum_kontroly, pocet_porci) values ('2005-12-14T02:51:52.012Z', 5, 9, 19, 44, '2020-05-17T11:01:19Z', null);
insert into hotove_jidlo (datum_uvareni, id_jidlo, kuchar_id_zamestnanec, bachar_id_zamestnanec, id_vezen, datum_kontroly, pocet_porci) values ('2005-12-15T02:51:53.345Z', 5, 9, 19, 45, '2020-05-17T11:01:19Z', null);
insert into hotove_jidlo (datum_uvareni, id_jidlo, kuchar_id_zamestnanec, bachar_id_zamestnanec, id_vezen, datum_kontroly, pocet_porci) values ('2005-12-16T02:51:54.678Z', 5, 9, 19, 46, '2020-05-17T11:01:19Z', null);
insert into hotove_jidlo (datum_uvareni, id_jidlo, kuchar_id_zamestnanec, bachar_id_zamestnanec, id_vezen, datum_kontroly, pocet_porci) values ('2005-12-17T02:51:55.901Z', 5, 9, 19, 47, '2020-05-17T11:01:19Z', null);
insert into hotove_jidlo (datum_uvareni, id_jidlo, kuchar_id_zamestnanec, bachar_id_zamestnanec, id_vezen, datum_kontroly, pocet_porci) values ('1955-12-18T02:51:56.234Z', 5, 9, 19, 48, '2020-05-17T11:01:19Z', null);
insert into hotove_jidlo (datum_uvareni, id_jidlo, kuchar_id_zamestnanec, bachar_id_zamestnanec, id_vezen, datum_kontroly, pocet_porci) values ('2005-12-19T02:51:57.567Z', 5, 9, 19, 49, '2020-05-17T11:01:19Z', null);
insert into hotove_jidlo (datum_uvareni, id_jidlo, kuchar_id_zamestnanec, bachar_id_zamestnanec, id_vezen, datum_kontroly, pocet_porci) values ('2005-12-20T02:51:58.890Z', 5, 9, 19, 50, '2020-05-17T11:01:19Z', null);
insert into hotove_jidlo (datum_uvareni, id_jidlo, kuchar_id_zamestnanec, bachar_id_zamestnanec, id_vezen, datum_kontroly, pocet_porci) values ('2005-12-21T02:51:59.123Z', 5, 9, 19, 51, '2020-05-17T11:01:19Z', null);

insert into hotove_jidlo (datum_uvareni, id_jidlo, kuchar_id_zamestnanec, bachar_id_zamestnanec, id_vezen, datum_kontroly, pocet_porci) values ('2004-12-08T02:51:14.456Z', 5, 9, 19, 52, '2020-05-17T11:01:14Z', null);
insert into hotove_jidlo (datum_uvareni, id_jidlo, kuchar_id_zamestnanec, bachar_id_zamestnanec, id_vezen, datum_kontroly, pocet_porci) values ('2004-11-02T02:51:15.789Z', 5, 9, 19, 53, '2020-05-17T11:01:15Z', null);
insert into hotove_jidlo (datum_uvareni, id_jidlo, kuchar_id_zamestnanec, bachar_id_zamestnanec, id_vezen, datum_kontroly, pocet_porci) values ('2004-10-18T02:51:16.012Z', 5, 9, 19, 54, '2020-05-17T11:01:16Z', null);
insert into hotove_jidlo (datum_uvareni, id_jidlo, kuchar_id_zamestnanec, bachar_id_zamestnanec, id_vezen, datum_kontroly, pocet_porci) values ('2004-09-18T02:51:17.345Z', 5, 9, 19, 55, '2020-05-17T11:01:17Z', null);
insert into hotove_jidlo (datum_uvareni, id_jidlo, kuchar_id_zamestnanec, bachar_id_zamestnanec, id_vezen, datum_kontroly, pocet_porci) values ('2004-08-18T02:51:18.678Z', 5, 9, 19, 56, '2020-05-17T11:01:18Z', null);
insert into hotove_jidlo (datum_uvareni, id_jidlo, kuchar_id_zamestnanec, bachar_id_zamestnanec, id_vezen, datum_kontroly, pocet_porci) values ('2004-07-18T02:51:14.901Z', 5, 9, 19, 57, '2020-05-17T11:01:19Z', null);
insert into hotove_jidlo (datum_uvareni, id_jidlo, kuchar_id_zamestnanec, bachar_id_zamestnanec, id_vezen, datum_kontroly, pocet_porci) values ('2004-06-18T02:51:15.234Z', 5, 9, 19, 58, '2020-05-17T11:01:19Z', null);
insert into hotove_jidlo (datum_uvareni, id_jidlo, kuchar_id_zamestnanec, bachar_id_zamestnanec, id_vezen, datum_kontroly, pocet_porci) values ('2004-05-18T02:51:16.567Z', 5, 9, 19, 59, '2020-05-17T11:01:19Z', null);
insert into hotove_jidlo (datum_uvareni, id_jidlo, kuchar_id_zamestnanec, bachar_id_zamestnanec, id_vezen, datum_kontroly, pocet_porci) values ('2004-04-18T02:51:17.890Z', 5, 9, 19, 60, '2020-05-17T11:01:19Z', null);
insert into hotove_jidlo (datum_uvareni, id_jidlo, kuchar_id_zamestnanec, bachar_id_zamestnanec, id_vezen, datum_kontroly, pocet_porci) values ('2004-03-18T02:51:18.123Z', 5, 9, 19, 61, '2020-05-17T11:01:19Z', null);
insert into hotove_jidlo (datum_uvareni, id_jidlo, kuchar_id_zamestnanec, bachar_id_zamestnanec, id_vezen, datum_kontroly, pocet_porci) values ('2004-02-18T02:51:19.456Z', 5, 9, 19, 62, '2020-05-17T11:01:19Z', null);
insert into hotove_jidlo (datum_uvareni, id_jidlo, kuchar_id_zamestnanec, bachar_id_zamestnanec, id_vezen, datum_kontroly, pocet_porci) values ('2004-01-18T02:51:20.789Z', 5, 9, 19, 63, '2020-05-17T11:01:19Z', null);
insert into hotove_jidlo (datum_uvareni, id_jidlo, kuchar_id_zamestnanec, bachar_id_zamestnanec, id_vezen, datum_kontroly, pocet_porci) values ('2004-12-01T02:51:21.012Z', 5, 9, 19, 64, '2020-05-17T11:01:19Z', null);
insert into hotove_jidlo (datum_uvareni, id_jidlo, kuchar_id_zamestnanec, bachar_id_zamestnanec, id_vezen, datum_kontroly, pocet_porci) values ('2004-12-02T02:51:22.345Z', 5, 9, 19, 65, '2020-05-17T11:01:19Z', null);
insert into hotove_jidlo (datum_uvareni, id_jidlo, kuchar_id_zamestnanec, bachar_id_zamestnanec, id_vezen, datum_kontroly, pocet_porci) values ('2004-12-03T02:51:23.678Z', 5, 9, 19, 66, '2020-05-17T11:01:19Z', null);
insert into hotove_jidlo (datum_uvareni, id_jidlo, kuchar_id_zamestnanec, bachar_id_zamestnanec, id_vezen, datum_kontroly, pocet_porci) values ('2004-12-04T02:51:24.901Z', 5, 9, 19, 67, '2020-05-17T11:01:19Z', null);
insert into hotove_jidlo (datum_uvareni, id_jidlo, kuchar_id_zamestnanec, bachar_id_zamestnanec, id_vezen, datum_kontroly, pocet_porci) values ('2004-12-05T02:51:25.234Z', 5, 9, 19, 68, '2020-05-17T11:01:19Z', null);
insert into hotove_jidlo (datum_uvareni, id_jidlo, kuchar_id_zamestnanec, bachar_id_zamestnanec, id_vezen, datum_kontroly, pocet_porci) values ('2004-12-06T02:51:26.567Z', 5, 9, 19, 69, '2020-05-17T11:01:19Z', null);
insert into hotove_jidlo (datum_uvareni, id_jidlo, kuchar_id_zamestnanec, bachar_id_zamestnanec, id_vezen, datum_kontroly, pocet_porci) values ('2004-12-07T02:51:27.890Z', 5, 9, 19, 70, '2020-05-17T11:01:19Z', null);
insert into hotove_jidlo (datum_uvareni, id_jidlo, kuchar_id_zamestnanec, bachar_id_zamestnanec, id_vezen, datum_kontroly, pocet_porci) values ('1804-12-08T02:51:28.123Z', 5, 9, 19, 71, '2020-05-17T11:01:19Z', null);
insert into hotove_jidlo (datum_uvareni, id_jidlo, kuchar_id_zamestnanec, bachar_id_zamestnanec, id_vezen, datum_kontroly, pocet_porci) values ('2004-12-09T02:51:29.456Z', 5, 9, 19, 72, '2020-05-17T11:01:19Z', null);
insert into hotove_jidlo (datum_uvareni, id_jidlo, kuchar_id_zamestnanec, bachar_id_zamestnanec, id_vezen, datum_kontroly, pocet_porci) values ('2004-12-10T02:51:30.789Z', 5, 9, 19, 73, '2020-05-17T11:01:19Z', null);
insert into hotove_jidlo (datum_uvareni, id_jidlo, kuchar_id_zamestnanec, bachar_id_zamestnanec, id_vezen, datum_kontroly, pocet_porci) values ('2004-12-11T02:51:31.012Z', 5, 9, 19, 74, '2020-05-17T11:01:19Z', null);
insert into hotove_jidlo (datum_uvareni, id_jidlo, kuchar_id_zamestnanec, bachar_id_zamestnanec, id_vezen, datum_kontroly, pocet_porci) values ('2004-12-12T02:51:32.345Z', 5, 9, 19, 75, '2020-05-17T11:01:19Z', null);
insert into hotove_jidlo (datum_uvareni, id_jidlo, kuchar_id_zamestnanec, bachar_id_zamestnanec, id_vezen, datum_kontroly, pocet_porci) values ('2004-12-13T02:51:33.678Z', 5, 9, 19, 76, '2020-05-17T11:01:19Z', null);
insert into hotove_jidlo (datum_uvareni, id_jidlo, kuchar_id_zamestnanec, bachar_id_zamestnanec, id_vezen, datum_kontroly, pocet_porci) values ('2004-12-14T02:51:34.901Z', 5, 9, 19, 77, '2020-05-17T11:01:19Z', null);
insert into hotove_jidlo (datum_uvareni, id_jidlo, kuchar_id_zamestnanec, bachar_id_zamestnanec, id_vezen, datum_kontroly, pocet_porci) values ('2004-12-15T02:51:35.234Z', 5, 9, 19, 78, '2020-05-17T11:01:19Z', null);
insert into hotove_jidlo (datum_uvareni, id_jidlo, kuchar_id_zamestnanec, bachar_id_zamestnanec, id_vezen, datum_kontroly, pocet_porci) values ('2004-12-16T02:51:36.567Z', 5, 9, 19, 79, '2020-05-17T11:01:19Z', null);
insert into hotove_jidlo (datum_uvareni, id_jidlo, kuchar_id_zamestnanec, bachar_id_zamestnanec, id_vezen, datum_kontroly, pocet_porci) values ('2004-12-17T02:51:37.890Z', 5, 9, 19, 80, '2020-05-17T11:01:19Z', null);
insert into hotove_jidlo (datum_uvareni, id_jidlo, kuchar_id_zamestnanec, bachar_id_zamestnanec, id_vezen, datum_kontroly, pocet_porci) values ('2004-12-18T02:51:38.123Z', 5, 9, 19, 81, '2020-05-17T11:01:19Z', null);
insert into hotove_jidlo (datum_uvareni, id_jidlo, kuchar_id_zamestnanec, bachar_id_zamestnanec, id_vezen, datum_kontroly, pocet_porci) values ('2004-12-19T02:51:39.456Z', 5, 9, 19, 82, '2020-05-17T11:01:19Z', null);
insert into hotove_jidlo (datum_uvareni, id_jidlo, kuchar_id_zamestnanec, bachar_id_zamestnanec, id_vezen, datum_kontroly, pocet_porci) values ('2004-12-20T02:51:40.789Z', 5, 9, 19, 83, '2020-05-17T11:01:19Z', null);
insert into hotove_jidlo (datum_uvareni, id_jidlo, kuchar_id_zamestnanec, bachar_id_zamestnanec, id_vezen, datum_kontroly, pocet_porci) values ('2004-12-21T02:51:41.012Z', 5, 9, 19, 84, '2020-05-17T11:01:19Z', null);
insert into hotove_jidlo (datum_uvareni, id_jidlo, kuchar_id_zamestnanec, bachar_id_zamestnanec, id_vezen, datum_kontroly, pocet_porci) values ('2794-12-21T02:51:42.345Z', 5, 9, 19, 85, '2020-05-17T11:01:19Z', null);
insert into hotove_jidlo (datum_uvareni, id_jidlo, kuchar_id_zamestnanec, bachar_id_zamestnanec, id_vezen, datum_kontroly, pocet_porci) values ('2004-12-23T02:51:43.678Z', 5, 9, 19, 86, '2020-05-17T11:01:19Z', null);
insert into hotove_jidlo (datum_uvareni, id_jidlo, kuchar_id_zamestnanec, bachar_id_zamestnanec, id_vezen, datum_kontroly, pocet_porci) values ('2004-12-24T02:51:44.901Z', 5, 9, 19, 87, '2020-05-17T11:01:19Z', null);
insert into hotove_jidlo (datum_uvareni, id_jidlo, kuchar_id_zamestnanec, bachar_id_zamestnanec, id_vezen, datum_kontroly, pocet_porci) values ('2004-12-25T02:51:45.234Z', 5, 9, 19, 88, '2020-05-17T11:01:19Z', null);
insert into hotove_jidlo (datum_uvareni, id_jidlo, kuchar_id_zamestnanec, bachar_id_zamestnanec, id_vezen, datum_kontroly, pocet_porci) values ('2004-12-26T02:51:46.567Z', 5, 9, 19, 89, '2020-05-17T11:01:19Z', null);
insert into hotove_jidlo (datum_uvareni, id_jidlo, kuchar_id_zamestnanec, bachar_id_zamestnanec, id_vezen, datum_kontroly, pocet_porci) values ('2004-12-27T02:51:47.890Z', 5, 9, 19, 90, '2020-05-17T11:01:19Z', null);
insert into hotove_jidlo (datum_uvareni, id_jidlo, kuchar_id_zamestnanec, bachar_id_zamestnanec, id_vezen, datum_kontroly, pocet_porci) values ('2004-12-28T02:51:48.123Z', 5, 9, 19, 91, '2020-05-17T11:01:19Z', null);
insert into hotove_jidlo (datum_uvareni, id_jidlo, kuchar_id_zamestnanec, bachar_id_zamestnanec, id_vezen, datum_kontroly, pocet_porci) values ('2004-12-29T02:51:49.456Z', 5, 9, 19, 92, '2020-05-17T11:01:19Z', null);
insert into hotove_jidlo (datum_uvareni, id_jidlo, kuchar_id_zamestnanec, bachar_id_zamestnanec, id_vezen, datum_kontroly, pocet_porci) values ('1999-11-30T02:51:50.789Z', 5, 9, 19, 93, '2020-05-17T11:01:19Z', null);
insert into hotove_jidlo (datum_uvareni, id_jidlo, kuchar_id_zamestnanec, bachar_id_zamestnanec, id_vezen, datum_kontroly, pocet_porci) values ('1998-10-18T02:51:51.012Z', 5, 9, 19, 94, '2020-05-17T11:01:19Z', null);
insert into hotove_jidlo (datum_uvareni, id_jidlo, kuchar_id_zamestnanec, bachar_id_zamestnanec, id_vezen, datum_kontroly, pocet_porci) values ('1997-11-18T02:51:52.345Z', 5, 9, 19, 95, '2020-05-17T11:01:19Z', null);
insert into hotove_jidlo (datum_uvareni, id_jidlo, kuchar_id_zamestnanec, bachar_id_zamestnanec, id_vezen, datum_kontroly, pocet_porci) values ('1996-12-18T02:51:53.678Z', 5, 9, 19, 96, '2020-05-17T11:01:19Z', null);
insert into hotove_jidlo (datum_uvareni, id_jidlo, kuchar_id_zamestnanec, bachar_id_zamestnanec, id_vezen, datum_kontroly, pocet_porci) values ('1995-12-18T02:51:54.901Z', 5, 9, 19, 97, '2020-05-17T11:01:19Z', null);
insert into hotove_jidlo (datum_uvareni, id_jidlo, kuchar_id_zamestnanec, bachar_id_zamestnanec, id_vezen, datum_kontroly, pocet_porci) values ('1994-12-18T02:51:55.234Z', 5, 9, 19, 98, '2020-05-17T11:01:19Z', null);
insert into hotove_jidlo (datum_uvareni, id_jidlo, kuchar_id_zamestnanec, bachar_id_zamestnanec, id_vezen, datum_kontroly, pocet_porci) values ('1993-12-18T02:51:56.567Z', 5, 9, 19, 99, '2020-05-17T11:01:19Z', null);
insert into hotove_jidlo (datum_uvareni, id_jidlo, kuchar_id_zamestnanec, bachar_id_zamestnanec, id_vezen, datum_kontroly, pocet_porci) values ('1992-12-18T02:51:57.890Z', 5, 9, 19, 100, '2020-05-17T11:01:19Z', null);

commit;
